ts,close,volume,bid_price,bid_volume,ask_price,ask_volume,tick_type,code,date
2025-06-12 09:00:02.307208,675.0,15,672.0,1,675.0,5,0,2357,2025-06-12
2025-06-12 09:00:02.356712,675.0,1,672.0,1,675.0,5,1,2357,2025-06-12
2025-06-12 09:00:08.414365,672.0,2,671.0,5,675.0,20,2,2357,2025-06-12
2025-06-12 09:00:30.763932,672.0,1,671.0,10,674.0,15,2,2357,2025-06-12
2025-06-12 09:00:33.608979,671.0,1,671.0,10,674.0,14,2,2357,2025-06-12
2025-06-12 09:00:41.376171,673.0,1,671.0,9,673.0,3,1,2357,2025-06-12
2025-06-12 09:01:00.004599,672.0,3,671.0,10,672.0,2,1,2357,2025-06-12
2025-06-12 09:01:02.081989,671.0,1,671.0,13,672.0,2,2,2357,2025-06-12
2025-06-12 09:01:02.188375,672.0,1,671.0,11,672.0,2,1,2357,2025-06-12
2025-06-12 09:01:04.171360,672.0,1,671.0,13,673.0,1,1,2357,2025-06-12
2025-06-12 09:01:04.868442,673.0,1,671.0,24,674.0,10,1,2357,2025-06-12
2025-06-12 09:01:18.082640,673.0,1,672.0,6,674.0,11,1,2357,2025-06-12
2025-06-12 09:02:02.442365,672.0,6,672.0,6,673.0,6,2,2357,2025-06-12
2025-06-12 09:02:04.271329,672.0,2,671.0,9,673.0,6,1,2357,2025-06-12
2025-06-12 09:02:04.335335,673.0,1,671.0,10,673.0,4,1,2357,2025-06-12
2025-06-12 09:02:04.593135,673.0,1,671.0,14,673.0,2,1,2357,2025-06-12
2025-06-12 09:02:06.823959,673.0,2,672.0,4,674.0,7,1,2357,2025-06-12
2025-06-12 09:02:12.868107,674.0,8,672.0,12,675.0,23,1,2357,2025-06-12
2025-06-12 09:02:12.915350,675.0,1,673.0,3,675.0,22,1,2357,2025-06-12
2025-06-12 09:02:13.015069,675.0,20,673.0,3,676.0,8,1,2357,2025-06-12
2025-06-12 09:02:13.071591,676.0,1,674.0,21,676.0,6,1,2357,2025-06-12
2025-06-12 09:02:13.286004,676.0,2,674.0,17,676.0,3,1,2357,2025-06-12
2025-06-12 09:02:15.029405,676.0,2,674.0,25,676.0,1,1,2357,2025-06-12
2025-06-12 09:02:17.163693,676.0,1,674.0,35,677.0,6,1,2357,2025-06-12
2025-06-12 09:02:19.354521,677.0,5,675.0,5,677.0,2,1,2357,2025-06-12
2025-06-12 09:02:19.740508,677.0,1,675.0,6,677.0,1,1,2357,2025-06-12
2025-06-12 09:02:24.632556,677.0,1,675.0,5,677.0,4,1,2357,2025-06-12
2025-06-12 09:02:27.268913,676.0,1,675.0,5,677.0,5,2,2357,2025-06-12
2025-06-12 09:02:27.312110,677.0,1,675.0,3,677.0,5,1,2357,2025-06-12
2025-06-12 09:02:28.780768,677.0,1,675.0,3,677.0,3,1,2357,2025-06-12
2025-06-12 09:02:29.382207,677.0,1,675.0,2,677.0,3,1,2357,2025-06-12
2025-06-12 09:02:29.486751,675.0,1,675.0,2,677.0,4,2,2357,2025-06-12
2025-06-12 09:02:29.486772,675.0,2,674.0,23,677.0,4,2,2357,2025-06-12
2025-06-12 09:02:29.522598,674.0,9,674.0,14,677.0,5,2,2357,2025-06-12
2025-06-12 09:02:30.382575,676.0,1,674.0,11,676.0,6,1,2357,2025-06-12
2025-06-12 09:02:30.701854,676.0,1,674.0,11,676.0,5,1,2357,2025-06-12
2025-06-12 09:02:31.530513,676.0,3,674.0,12,676.0,1,1,2357,2025-06-12
2025-06-12 09:02:34.265912,676.0,1,674.0,10,677.0,8,1,2357,2025-06-12
2025-06-12 09:02:43.933550,675.0,1,674.0,11,676.0,2,2,2357,2025-06-12
2025-06-12 09:02:55.252835,676.0,1,674.0,11,676.0,2,1,2357,2025-06-12
2025-06-12 09:03:03.754074,675.0,1,674.0,10,676.0,8,2,2357,2025-06-12
2025-06-12 09:03:04.586866,675.0,1,674.0,10,675.0,2,1,2357,2025-06-12
2025-06-12 09:03:05.902609,675.0,1,674.0,10,675.0,2,1,2357,2025-06-12
2025-06-12 09:03:07.712299,674.0,7,674.0,2,675.0,6,2,2357,2025-06-12
2025-06-12 09:03:07.747563,674.0,2,673.0,4,675.0,8,2,2357,2025-06-12
2025-06-12 09:03:19.604914,674.0,3,673.0,17,675.0,7,1,2357,2025-06-12
2025-06-12 09:03:20.750409,675.0,1,673.0,17,675.0,7,1,2357,2025-06-12
2025-06-12 09:03:20.814829,674.0,2,674.0,5,675.0,6,2,2357,2025-06-12
2025-06-12 09:03:22.306188,675.0,4,674.0,10,675.0,6,1,2357,2025-06-12
2025-06-12 09:03:22.342217,675.0,2,674.0,10,676.0,4,1,2357,2025-06-12
2025-06-12 09:03:22.422250,676.0,1,675.0,6,676.0,2,1,2357,2025-06-12
2025-06-12 09:03:22.429194,675.0,1,675.0,5,676.0,2,2,2357,2025-06-12
2025-06-12 09:03:51.865207,675.0,1,675.0,11,676.0,5,2,2357,2025-06-12
2025-06-12 09:03:51.905947,675.0,11,674.0,15,676.0,5,2,2357,2025-06-12
2025-06-12 09:03:51.954153,675.0,1,674.0,13,675.0,1,1,2357,2025-06-12
2025-06-12 09:04:00.639085,675.0,3,674.0,16,676.0,4,1,2357,2025-06-12
2025-06-12 09:04:03.057184,676.0,1,674.0,16,676.0,3,1,2357,2025-06-12
2025-06-12 09:04:03.657762,675.0,1,674.0,16,676.0,3,1,2357,2025-06-12
2025-06-12 09:04:45.947926,674.0,10,673.0,18,675.0,1,2,2357,2025-06-12
2025-06-12 09:04:55.217775,673.0,2,673.0,3,674.0,4,2,2357,2025-06-12
2025-06-12 09:04:57.080772,674.0,3,673.0,3,674.0,1,1,2357,2025-06-12
2025-06-12 09:05:45.301228,673.0,1,673.0,9,674.0,4,2,2357,2025-06-12
2025-06-12 09:05:54.073740,673.0,1,673.0,5,674.0,5,2,2357,2025-06-12
2025-06-12 09:06:30.927290,673.0,1,673.0,4,674.0,5,2,2357,2025-06-12
2025-06-12 09:06:39.626669,673.0,1,673.0,3,674.0,6,2,2357,2025-06-12
2025-06-12 09:06:42.742272,674.0,1,673.0,3,674.0,5,1,2357,2025-06-12
2025-06-12 09:07:26.544084,674.0,1,673.0,3,674.0,5,1,2357,2025-06-12
2025-06-12 09:08:30.407531,673.0,1,673.0,7,674.0,3,2,2357,2025-06-12
2025-06-12 09:08:30.748266,673.0,1,673.0,5,674.0,4,2,2357,2025-06-12
2025-06-12 09:08:54.158161,674.0,3,673.0,5,674.0,2,1,2357,2025-06-12
2025-06-12 09:08:58.879413,673.0,1,673.0,6,674.0,2,2,2357,2025-06-12
2025-06-12 09:09:30.334620,673.0,1,673.0,5,674.0,4,2,2357,2025-06-12
2025-06-12 09:09:32.459349,674.0,1,673.0,4,674.0,3,1,2357,2025-06-12
2025-06-12 09:10:04.824638,674.0,4,674.0,1,675.0,18,1,2357,2025-06-12
2025-06-12 09:10:41.439896,674.0,1,674.0,3,675.0,21,2,2357,2025-06-12
2025-06-12 09:10:41.465978,674.0,3,673.0,4,675.0,21,2,2357,2025-06-12
2025-06-12 09:10:43.494513,674.0,1,673.0,5,674.0,7,1,2357,2025-06-12
2025-06-12 09:10:54.641287,674.0,5,673.0,12,674.0,1,1,2357,2025-06-12
2025-06-12 09:10:55.410452,675.0,2,673.0,13,675.0,19,1,2357,2025-06-12
2025-06-12 09:11:02.500606,675.0,1,674.0,5,675.0,19,1,2357,2025-06-12
2025-06-12 09:11:05.813380,675.0,19,674.0,5,676.0,18,1,2357,2025-06-12
2025-06-12 09:11:05.971858,676.0,8,675.0,4,676.0,9,1,2357,2025-06-12
2025-06-12 09:11:06.442752,675.0,1,675.0,8,676.0,9,2,2357,2025-06-12
2025-06-12 09:11:06.670985,676.0,5,675.0,7,676.0,3,1,2357,2025-06-12
2025-06-12 09:11:08.644622,675.0,1,675.0,8,676.0,3,2,2357,2025-06-12
2025-06-12 09:11:53.207092,675.0,1,675.0,19,676.0,3,2,2357,2025-06-12
2025-06-12 09:12:10.162347,675.0,1,675.0,20,676.0,4,2,2357,2025-06-12
2025-06-12 09:12:37.549196,676.0,5,675.0,19,677.0,5,1,2357,2025-06-12
2025-06-12 09:12:50.230214,677.0,3,675.0,20,677.0,3,1,2357,2025-06-12
2025-06-12 09:12:50.877986,675.0,1,675.0,19,677.0,2,2,2357,2025-06-12
2025-06-12 09:12:55.200254,676.0,1,676.0,2,677.0,3,2,2357,2025-06-12
2025-06-12 09:13:23.949461,677.0,4,676.0,10,677.0,3,1,2357,2025-06-12
2025-06-12 09:13:25.415646,677.0,1,676.0,12,677.0,2,1,2357,2025-06-12
2025-06-12 09:13:27.205370,677.0,3,677.0,2,678.0,15,1,2357,2025-06-12
2025-06-12 09:13:27.344196,678.0,7,677.0,3,678.0,8,1,2357,2025-06-12
2025-06-12 09:13:34.773833,678.0,1,677.0,6,678.0,8,1,2357,2025-06-12
2025-06-12 09:13:37.356305,677.0,1,677.0,5,678.0,8,2,2357,2025-06-12
2025-06-12 09:13:39.523814,677.0,1,677.0,4,678.0,7,2,2357,2025-06-12
2025-06-12 09:13:40.231788,677.0,1,677.0,3,678.0,7,2,2357,2025-06-12
2025-06-12 09:13:40.518522,678.0,1,677.0,4,678.0,6,1,2357,2025-06-12
2025-06-12 09:13:45.333347,678.0,1,677.0,4,678.0,5,1,2357,2025-06-12
2025-06-12 09:13:56.529308,678.0,5,677.0,4,678.0,1,1,2357,2025-06-12
2025-06-12 09:14:03.726929,678.0,1,677.0,4,678.0,2,1,2357,2025-06-12
2025-06-12 09:14:12.707140,677.0,1,677.0,3,678.0,2,2,2357,2025-06-12
2025-06-12 09:14:27.687165,678.0,1,677.0,4,679.0,12,1,2357,2025-06-12
2025-06-12 09:15:02.979897,678.0,1,677.0,4,678.0,7,1,2357,2025-06-12
2025-06-12 09:15:07.067404,677.0,5,676.0,11,678.0,6,2,2357,2025-06-12
2025-06-12 09:15:07.105539,677.0,1,676.0,9,678.0,10,1,2357,2025-06-12
2025-06-12 09:15:12.537696,677.0,2,676.0,9,678.0,11,2,2357,2025-06-12
2025-06-12 09:15:13.314181,677.0,1,676.0,8,678.0,12,2,2357,2025-06-12
2025-06-12 09:15:13.472536,677.0,1,676.0,8,678.0,12,2,2357,2025-06-12
2025-06-12 09:15:13.540249,677.0,1,676.0,8,678.0,12,2,2357,2025-06-12
2025-06-12 09:15:13.605902,677.0,1,676.0,9,678.0,12,2,2357,2025-06-12
2025-06-12 09:15:13.662151,677.0,1,676.0,9,678.0,12,2,2357,2025-06-12
2025-06-12 09:15:13.781761,677.0,1,676.0,10,678.0,12,2,2357,2025-06-12
2025-06-12 09:15:15.294825,677.0,2,676.0,12,678.0,13,2,2357,2025-06-12
2025-06-12 09:15:15.376143,677.0,1,676.0,9,678.0,12,2,2357,2025-06-12
2025-06-12 09:15:15.448669,676.0,1,676.0,8,678.0,12,2,2357,2025-06-12
2025-06-12 09:15:20.637593,676.0,11,675.0,18,677.0,10,2,2357,2025-06-12
2025-06-12 09:15:20.676770,676.0,1,675.0,17,676.0,2,1,2357,2025-06-12
2025-06-12 09:15:21.192656,676.0,6,675.0,22,677.0,5,1,2357,2025-06-12
2025-06-12 09:15:21.192656,677.0,4,675.0,22,677.0,5,1,2357,2025-06-12
2025-06-12 09:15:21.199245,675.0,1,675.0,21,676.0,1,2,2357,2025-06-12
2025-06-12 09:15:23.431898,675.0,1,675.0,23,676.0,2,2,2357,2025-06-12
2025-06-12 09:16:38.287406,677.0,12,675.0,27,678.0,17,1,2357,2025-06-12
2025-06-12 09:16:46.740722,678.0,17,678.0,3,679.0,31,1,2357,2025-06-12
2025-06-12 09:16:46.767969,678.0,3,677.0,4,679.0,31,2,2357,2025-06-12
2025-06-12 09:16:46.881610,678.0,2,677.0,5,679.0,17,1,2357,2025-06-12
2025-06-12 09:16:46.881610,679.0,13,677.0,5,679.0,17,1,2357,2025-06-12
2025-06-12 09:16:46.917364,678.0,1,677.0,9,679.0,17,2,2357,2025-06-12
2025-06-12 09:16:47.017639,678.0,2,678.0,1,679.0,17,2,2357,2025-06-12
2025-06-12 09:16:47.300784,679.0,3,678.0,1,679.0,14,1,2357,2025-06-12
2025-06-12 09:16:47.328878,678.0,1,678.0,2,679.0,14,2,2357,2025-06-12
2025-06-12 09:16:49.042114,678.0,3,678.0,2,679.0,14,2,2357,2025-06-12
2025-06-12 09:16:49.067922,678.0,2,677.0,5,679.0,12,2,2357,2025-06-12
2025-06-12 09:16:52.446921,679.0,1,678.0,3,679.0,15,1,2357,2025-06-12
2025-06-12 09:16:52.476600,678.0,3,677.0,3,679.0,15,2,2357,2025-06-12
2025-06-12 09:16:58.833753,679.0,19,679.0,1,680.0,54,1,2357,2025-06-12
2025-06-12 09:16:58.860333,679.0,1,679.0,1,680.0,54,2,2357,2025-06-12
2025-06-12 09:16:58.861231,679.0,1,678.0,3,680.0,54,2,2357,2025-06-12
2025-06-12 09:16:58.884044,680.0,1,678.0,3,680.0,53,1,2357,2025-06-12
2025-06-12 09:16:58.948733,679.0,2,678.0,4,680.0,41,1,2357,2025-06-12
2025-06-12 09:16:58.948733,680.0,11,678.0,4,680.0,41,1,2357,2025-06-12
2025-06-12 09:16:58.983156,679.0,1,678.0,4,680.0,41,2,2357,2025-06-12
2025-06-12 09:17:00.540090,678.0,2,678.0,6,680.0,38,2,2357,2025-06-12
2025-06-12 09:17:02.487367,678.0,6,677.0,1,680.0,41,2,2357,2025-06-12
2025-06-12 09:17:02.622410,678.0,1,677.0,4,679.0,7,2,2357,2025-06-12
2025-06-12 09:17:20.420453,677.0,3,677.0,2,678.0,8,2,2357,2025-06-12
2025-06-12 09:17:22.330765,677.0,2,676.0,4,678.0,10,2,2357,2025-06-12
2025-06-12 09:18:23.220986,677.0,1,676.0,7,677.0,10,1,2357,2025-06-12
2025-06-12 09:18:55.430228,677.0,1,676.0,9,677.0,9,1,2357,2025-06-12
2025-06-12 09:18:56.209394,676.0,1,676.0,9,677.0,8,2,2357,2025-06-12
2025-06-12 09:19:47.051187,677.0,1,676.0,23,677.0,9,1,2357,2025-06-12
2025-06-12 09:20:43.366339,677.0,3,676.0,23,677.0,11,1,2357,2025-06-12
2025-06-12 09:21:41.087505,677.0,1,676.0,33,677.0,11,1,2357,2025-06-12
2025-06-12 09:22:00.800565,677.0,5,676.0,28,677.0,6,1,2357,2025-06-12
2025-06-12 09:22:20.573879,677.0,1,676.0,28,677.0,5,1,2357,2025-06-12
2025-06-12 09:22:36.146632,677.0,1,676.0,31,677.0,4,1,2357,2025-06-12
2025-06-12 09:22:40.284610,676.0,1,676.0,30,677.0,5,2,2357,2025-06-12
2025-06-12 09:22:49.982596,677.0,2,676.0,30,677.0,3,1,2357,2025-06-12
2025-06-12 09:23:21.428661,677.0,1,676.0,30,677.0,7,1,2357,2025-06-12
2025-06-12 09:23:29.706998,677.0,1,676.0,30,677.0,7,1,2357,2025-06-12
2025-06-12 09:23:54.654271,677.0,7,676.0,100,678.0,12,1,2357,2025-06-12
2025-06-12 09:24:00.060353,678.0,7,677.0,9,678.0,10,1,2357,2025-06-12
2025-06-12 09:24:00.104023,678.0,7,677.0,11,678.0,10,1,2357,2025-06-12
2025-06-12 09:24:40.436456,678.0,3,677.0,11,679.0,5,1,2357,2025-06-12
2025-06-12 09:25:00.056260,679.0,1,678.0,9,679.0,5,1,2357,2025-06-12
2025-06-12 09:25:00.066139,679.0,1,678.0,9,679.0,4,1,2357,2025-06-12
2025-06-12 09:25:00.097496,679.0,4,678.0,10,680.0,41,1,2357,2025-06-12
2025-06-12 09:25:12.743795,680.0,12,679.0,8,680.0,30,1,2357,2025-06-12
2025-06-12 09:25:12.778740,680.0,22,679.0,10,680.0,8,1,2357,2025-06-12
2025-06-12 09:25:15.008339,679.0,4,679.0,11,680.0,6,2,2357,2025-06-12
2025-06-12 09:25:19.638159,680.0,1,679.0,12,680.0,1,1,2357,2025-06-12
2025-06-12 09:25:36.654056,680.0,1,679.0,13,680.0,1,1,2357,2025-06-12
2025-06-12 09:25:37.424515,680.0,1,679.0,13,681.0,31,1,2357,2025-06-12
2025-06-12 09:25:50.351377,680.0,1,679.0,13,680.0,3,1,2357,2025-06-12
2025-06-12 09:25:51.006098,679.0,1,679.0,12,680.0,2,2,2357,2025-06-12
2025-06-12 09:26:01.380340,680.0,2,680.0,1,681.0,31,1,2357,2025-06-12
2025-06-12 09:26:01.534671,681.0,14,680.0,2,681.0,16,1,2357,2025-06-12
2025-06-12 09:26:02.517257,680.0,1,680.0,11,681.0,15,2,2357,2025-06-12
2025-06-12 09:26:07.635876,681.0,1,680.0,12,681.0,14,1,2357,2025-06-12
2025-06-12 09:26:10.583561,681.0,1,680.0,13,681.0,13,1,2357,2025-06-12
2025-06-12 09:26:12.908171,680.0,1,680.0,13,681.0,12,2,2357,2025-06-12
2025-06-12 09:26:13.068309,681.0,1,680.0,12,681.0,11,1,2357,2025-06-12
2025-06-12 09:26:13.860868,681.0,1,680.0,12,681.0,10,1,2357,2025-06-12
2025-06-12 09:26:13.886668,681.0,1,680.0,12,681.0,9,1,2357,2025-06-12
2025-06-12 09:26:14.515153,680.0,1,680.0,12,681.0,9,2,2357,2025-06-12
2025-06-12 09:26:14.807655,681.0,1,680.0,13,681.0,8,1,2357,2025-06-12
2025-06-12 09:26:15.128536,681.0,1,680.0,12,681.0,5,1,2357,2025-06-12
2025-06-12 09:26:18.407579,680.0,1,680.0,11,681.0,5,2,2357,2025-06-12
2025-06-12 09:26:22.569150,681.0,1,680.0,12,681.0,4,1,2357,2025-06-12
2025-06-12 09:26:24.780564,681.0,1,680.0,12,681.0,4,1,2357,2025-06-12
2025-06-12 09:26:25.530495,681.0,1,680.0,12,681.0,3,1,2357,2025-06-12
2025-06-12 09:26:28.964040,681.0,3,681.0,1,682.0,21,1,2357,2025-06-12
2025-06-12 09:26:28.976939,682.0,1,681.0,1,682.0,20,1,2357,2025-06-12
2025-06-12 09:26:29.510842,682.0,6,681.0,9,682.0,14,1,2357,2025-06-12
2025-06-12 09:26:30.048382,681.0,1,681.0,9,682.0,14,2,2357,2025-06-12
2025-06-12 09:26:31.260097,681.0,1,681.0,7,682.0,13,2,2357,2025-06-12
2025-06-12 09:26:34.049562,681.0,1,681.0,6,682.0,12,2,2357,2025-06-12
2025-06-12 09:26:41.411155,681.0,1,681.0,6,682.0,11,2,2357,2025-06-12
2025-06-12 09:27:30.029843,681.0,1,681.0,12,682.0,14,2,2357,2025-06-12
2025-06-12 09:27:35.163939,681.0,1,681.0,11,682.0,15,2,2357,2025-06-12
2025-06-12 09:27:36.819740,681.0,1,681.0,10,682.0,16,2,2357,2025-06-12
2025-06-12 09:27:45.195264,681.0,1,681.0,12,682.0,15,2,2357,2025-06-12
2025-06-12 09:27:48.209392,681.0,1,681.0,11,682.0,15,2,2357,2025-06-12
2025-06-12 09:27:48.825448,681.0,1,681.0,11,682.0,14,2,2357,2025-06-12
2025-06-12 09:28:00.722373,681.0,1,681.0,10,682.0,14,2,2357,2025-06-12
2025-06-12 09:28:09.114231,681.0,1,681.0,11,682.0,17,2,2357,2025-06-12
2025-06-12 09:28:16.282707,681.0,2,681.0,9,682.0,18,2,2357,2025-06-12
2025-06-12 09:28:16.325723,681.0,1,681.0,8,682.0,19,2,2357,2025-06-12
2025-06-12 09:28:16.352973,681.0,8,680.0,8,682.0,19,2,2357,2025-06-12
2025-06-12 09:28:16.396197,681.0,1,680.0,7,681.0,2,1,2357,2025-06-12
2025-06-12 09:28:16.446994,681.0,1,680.0,7,681.0,2,1,2357,2025-06-12
2025-06-12 09:28:16.498825,681.0,1,680.0,5,682.0,22,1,2357,2025-06-12
2025-06-12 09:28:16.527460,680.0,2,680.0,4,681.0,1,2,2357,2025-06-12
2025-06-12 09:28:16.815568,680.0,1,680.0,3,682.0,22,2,2357,2025-06-12
2025-06-12 09:28:16.890816,680.0,2,680.0,1,682.0,22,2,2357,2025-06-12
2025-06-12 09:28:37.501160,681.0,3,680.0,2,681.0,8,1,2357,2025-06-12
2025-06-12 09:29:15.084318,680.0,1,680.0,3,681.0,9,2,2357,2025-06-12
2025-06-12 09:29:26.098552,681.0,1,680.0,4,681.0,9,1,2357,2025-06-12
2025-06-12 09:29:55.312409,680.0,4,679.0,4,681.0,11,2,2357,2025-06-12
2025-06-12 09:29:56.082676,680.0,1,679.0,4,681.0,11,2,2357,2025-06-12
2025-06-12 09:30:14.601147,680.0,1,679.0,6,681.0,11,2,2357,2025-06-12
2025-06-12 09:30:32.095485,680.0,1,679.0,7,680.0,4,2,2357,2025-06-12
2025-06-12 09:30:32.140707,680.0,1,679.0,5,680.0,3,1,2357,2025-06-12
2025-06-12 09:30:32.186172,680.0,1,679.0,6,680.0,3,1,2357,2025-06-12
2025-06-12 09:31:04.047149,680.0,1,679.0,15,680.0,9,1,2357,2025-06-12
2025-06-12 09:31:09.342521,680.0,9,680.0,1,681.0,6,1,2357,2025-06-12
2025-06-12 09:32:22.548570,680.0,1,680.0,18,681.0,16,2,2357,2025-06-12
2025-06-12 09:32:30.128068,680.0,1,680.0,19,681.0,17,2,2357,2025-06-12
2025-06-12 09:32:33.566469,681.0,3,680.0,19,681.0,14,1,2357,2025-06-12
2025-06-12 09:32:33.640385,680.0,1,680.0,18,681.0,14,2,2357,2025-06-12
2025-06-12 09:32:38.732545,680.0,1,680.0,19,681.0,13,2,2357,2025-06-12
2025-06-12 09:32:47.309443,680.0,2,680.0,20,681.0,12,2,2357,2025-06-12
2025-06-12 09:32:59.084484,681.0,1,680.0,22,681.0,11,1,2357,2025-06-12
2025-06-12 09:32:59.122974,681.0,6,680.0,24,681.0,5,1,2357,2025-06-12
2025-06-12 09:32:59.126234,681.0,5,680.0,26,682.0,18,1,2357,2025-06-12
2025-06-12 09:33:06.409883,682.0,19,682.0,1,683.0,25,1,2357,2025-06-12
2025-06-12 09:33:06.460813,683.0,1,682.0,2,683.0,24,1,2357,2025-06-12
2025-06-12 09:33:06.540793,683.0,1,682.0,1,683.0,23,1,2357,2025-06-12
2025-06-12 09:33:06.569795,683.0,11,682.0,1,683.0,12,1,2357,2025-06-12
2025-06-12 09:33:06.894407,682.0,1,682.0,4,683.0,10,2,2357,2025-06-12
2025-06-12 09:33:12.810885,682.0,3,681.0,11,683.0,10,2,2357,2025-06-12
2025-06-12 09:33:12.878252,682.0,1,681.0,11,683.0,14,2,2357,2025-06-12
2025-06-12 09:33:12.923472,682.0,1,681.0,10,682.0,1,1,2357,2025-06-12
2025-06-12 09:33:12.954765,682.0,1,681.0,9,683.0,14,1,2357,2025-06-12
2025-06-12 09:33:13.025755,682.0,1,681.0,9,683.0,14,2,2357,2025-06-12
2025-06-12 09:33:18.556164,682.0,1,682.0,2,683.0,13,2,2357,2025-06-12
2025-06-12 09:33:18.599343,682.0,2,681.0,13,683.0,13,2,2357,2025-06-12
2025-06-12 09:33:22.101899,682.0,1,681.0,14,682.0,4,2,2357,2025-06-12
2025-06-12 09:33:22.146075,682.0,1,681.0,13,682.0,3,1,2357,2025-06-12
2025-06-12 09:33:22.188194,682.0,1,681.0,11,682.0,3,1,2357,2025-06-12
2025-06-12 09:33:22.283234,681.0,2,681.0,15,682.0,2,2,2357,2025-06-12
2025-06-12 09:33:24.061986,681.0,3,681.0,10,682.0,3,2,2357,2025-06-12
2025-06-12 09:33:26.728105,682.0,1,681.0,9,682.0,3,1,2357,2025-06-12
2025-06-12 09:33:42.128119,682.0,2,681.0,11,682.0,3,1,2357,2025-06-12
2025-06-12 09:33:52.129012,682.0,1,681.0,11,682.0,2,1,2357,2025-06-12
2025-06-12 09:34:02.356863,682.0,1,681.0,11,682.0,2,1,2357,2025-06-12
2025-06-12 09:34:08.575926,682.0,1,681.0,11,682.0,1,1,2357,2025-06-12
2025-06-12 09:34:29.768965,682.0,1,681.0,11,683.0,12,1,2357,2025-06-12
2025-06-12 09:34:32.140084,681.0,1,681.0,11,683.0,17,2,2357,2025-06-12
2025-06-12 09:34:39.053177,683.0,5,682.0,1,683.0,13,1,2357,2025-06-12
2025-06-12 09:34:39.091359,682.0,2,681.0,8,683.0,11,2,2357,2025-06-12
2025-06-12 09:34:45.017280,682.0,1,681.0,8,683.0,12,2,2357,2025-06-12
2025-06-12 09:34:45.092096,682.0,1,681.0,8,683.0,12,2,2357,2025-06-12
2025-06-12 09:34:57.599281,682.0,1,681.0,8,683.0,14,2,2357,2025-06-12
2025-06-12 09:35:08.536786,682.0,1,681.0,10,683.0,17,2,2357,2025-06-12
2025-06-12 09:35:08.599056,681.0,1,681.0,8,683.0,17,2,2357,2025-06-12
2025-06-12 09:35:08.804218,681.0,2,681.0,5,683.0,17,2,2357,2025-06-12
2025-06-12 09:35:09.206998,681.0,1,681.0,4,682.0,5,2,2357,2025-06-12
2025-06-12 09:35:09.543091,681.0,4,680.0,25,682.0,7,2,2357,2025-06-12
2025-06-12 09:35:32.295761,681.0,1,680.0,24,682.0,14,2,2357,2025-06-12
2025-06-12 09:36:30.621973,681.0,3,680.0,35,681.0,6,1,2357,2025-06-12
2025-06-12 09:36:50.626883,681.0,1,680.0,35,681.0,6,1,2357,2025-06-12
2025-06-12 09:36:51.248141,680.0,1,680.0,35,681.0,5,2,2357,2025-06-12
2025-06-12 09:36:56.377264,681.0,2,680.0,34,681.0,3,1,2357,2025-06-12
2025-06-12 09:37:07.343111,681.0,1,680.0,34,681.0,4,1,2357,2025-06-12
2025-06-12 09:37:08.269602,681.0,1,680.0,34,681.0,3,1,2357,2025-06-12
2025-06-12 09:37:25.302705,681.0,3,680.0,34,682.0,14,1,2357,2025-06-12
2025-06-12 09:37:54.030269,681.0,2,680.0,39,682.0,17,2,2357,2025-06-12
2025-06-12 09:37:54.123426,682.0,5,680.0,38,682.0,11,1,2357,2025-06-12
2025-06-12 09:38:01.867257,681.0,1,681.0,3,682.0,11,2,2357,2025-06-12
2025-06-12 09:38:18.167416,682.0,1,681.0,4,682.0,10,1,2357,2025-06-12
2025-06-12 09:38:20.119219,682.0,10,681.0,4,682.0,1,1,2357,2025-06-12
2025-06-12 09:38:35.082196,683.0,1,681.0,23,683.0,16,1,2357,2025-06-12
2025-06-12 09:38:35.315699,683.0,5,682.0,3,683.0,12,1,2357,2025-06-12
2025-06-12 09:38:52.270785,682.0,1,682.0,11,683.0,10,2,2357,2025-06-12
2025-06-12 09:38:52.759576,683.0,1,682.0,7,683.0,10,1,2357,2025-06-12
2025-06-12 09:39:03.961125,683.0,5,682.0,7,683.0,5,1,2357,2025-06-12
2025-06-12 09:39:05.191723,682.0,1,682.0,7,683.0,5,2,2357,2025-06-12
2025-06-12 09:39:16.551587,682.0,1,682.0,5,683.0,4,2,2357,2025-06-12
2025-06-12 09:39:16.573655,682.0,5,681.0,15,683.0,5,2,2357,2025-06-12
2025-06-12 09:39:16.629003,682.0,1,681.0,9,683.0,11,2,2357,2025-06-12
2025-06-12 09:39:16.694547,682.0,1,681.0,7,683.0,11,2,2357,2025-06-12
2025-06-12 09:39:35.799096,682.0,1,681.0,9,682.0,5,1,2357,2025-06-12
2025-06-12 09:39:37.833738,681.0,1,681.0,9,682.0,5,2,2357,2025-06-12
2025-06-12 09:40:26.685273,682.0,3,681.0,10,682.0,7,1,2357,2025-06-12
2025-06-12 09:41:03.976569,682.0,1,681.0,11,682.0,8,1,2357,2025-06-12
2025-06-12 09:41:26.134162,682.0,1,681.0,11,682.0,9,1,2357,2025-06-12
2025-06-12 09:41:42.729247,682.0,1,681.0,11,682.0,9,1,2357,2025-06-12
2025-06-12 09:41:45.174501,682.0,1,681.0,11,682.0,10,1,2357,2025-06-12
2025-06-12 09:42:33.920961,681.0,11,680.0,24,682.0,14,2,2357,2025-06-12
2025-06-12 09:42:33.997179,681.0,2,680.0,23,682.0,18,2,2357,2025-06-12
2025-06-12 09:42:34.072780,681.0,3,681.0,3,682.0,18,2,2357,2025-06-12
2025-06-12 09:42:34.589675,680.0,2,680.0,26,682.0,19,2,2357,2025-06-12
2025-06-12 09:42:44.205851,682.0,1,680.0,27,682.0,18,1,2357,2025-06-12
2025-06-12 09:43:04.664403,681.0,1,680.0,28,681.0,9,1,2357,2025-06-12
2025-06-12 09:43:05.475669,680.0,1,680.0,28,681.0,9,2,2357,2025-06-12
2025-06-12 09:43:08.503200,680.0,1,680.0,27,681.0,10,2,2357,2025-06-12
2025-06-12 09:43:09.089523,680.0,1,680.0,26,681.0,10,2,2357,2025-06-12
2025-06-12 09:43:09.325680,681.0,5,680.0,25,681.0,11,1,2357,2025-06-12
2025-06-12 09:43:09.393927,680.0,26,679.0,16,681.0,6,2,2357,2025-06-12
2025-06-12 09:43:09.862665,679.0,3,679.0,10,681.0,15,2,2357,2025-06-12
2025-06-12 09:43:31.796369,679.0,11,678.0,9,680.0,5,2,2357,2025-06-12
2025-06-12 09:43:34.188076,678.0,1,678.0,13,680.0,20,2,2357,2025-06-12
2025-06-12 09:44:23.748583,680.0,3,678.0,11,680.0,22,1,2357,2025-06-12
2025-06-12 09:44:25.874736,678.0,1,678.0,16,680.0,18,2,2357,2025-06-12
2025-06-12 09:45:57.163796,678.0,2,678.0,19,680.0,13,2,2357,2025-06-12
2025-06-12 09:46:46.908206,678.0,1,678.0,24,680.0,17,2,2357,2025-06-12
2025-06-12 09:47:00.260169,678.0,1,678.0,19,679.0,11,2,2357,2025-06-12
2025-06-12 09:47:10.247917,679.0,1,678.0,17,679.0,12,1,2357,2025-06-12
2025-06-12 09:48:04.418401,678.0,2,678.0,17,679.0,16,2,2357,2025-06-12
2025-06-12 09:48:15.111249,678.0,17,677.0,23,679.0,16,2,2357,2025-06-12
2025-06-12 09:48:15.365155,677.0,4,677.0,17,678.0,7,2,2357,2025-06-12
2025-06-12 09:48:15.449929,677.0,2,677.0,17,678.0,8,2,2357,2025-06-12
2025-06-12 09:48:15.481723,677.0,13,677.0,2,678.0,10,2,2357,2025-06-12
2025-06-12 09:48:15.515581,677.0,2,676.0,84,678.0,15,2,2357,2025-06-12
2025-06-12 09:48:15.916322,676.0,5,676.0,78,677.0,9,2,2357,2025-06-12
2025-06-12 09:48:19.810297,677.0,3,676.0,76,677.0,5,1,2357,2025-06-12
2025-06-12 09:48:19.842755,677.0,5,676.0,77,677.0,5,1,2357,2025-06-12
2025-06-12 09:48:21.344128,677.0,1,677.0,4,678.0,6,2,2357,2025-06-12
2025-06-12 09:48:32.149189,677.0,1,676.0,77,678.0,12,2,2357,2025-06-12
2025-06-12 09:48:32.755804,678.0,1,676.0,77,678.0,11,1,2357,2025-06-12
2025-06-12 09:48:59.818053,678.0,1,677.0,6,678.0,13,1,2357,2025-06-12
2025-06-12 09:50:09.241414,678.0,1,677.0,8,678.0,9,1,2357,2025-06-12
2025-06-12 09:50:16.441502,677.0,1,677.0,7,678.0,10,2,2357,2025-06-12
2025-06-12 09:50:42.883947,677.0,2,677.0,4,678.0,12,2,2357,2025-06-12
2025-06-12 09:51:28.030234,677.0,1,677.0,3,678.0,16,2,2357,2025-06-12
2025-06-12 09:51:28.437760,677.0,1,677.0,2,678.0,16,2,2357,2025-06-12
2025-06-12 09:51:30.137406,677.0,2,676.0,89,678.0,18,2,2357,2025-06-12
2025-06-12 09:51:34.874525,676.0,1,676.0,80,678.0,21,2,2357,2025-06-12
2025-06-12 09:51:36.277820,678.0,1,676.0,80,678.0,20,1,2357,2025-06-12
2025-06-12 09:51:58.823379,676.0,1,676.0,82,678.0,22,2,2357,2025-06-12
2025-06-12 09:52:06.975594,678.0,1,676.0,82,678.0,20,1,2357,2025-06-12
2025-06-12 09:52:16.872097,678.0,3,676.0,82,678.0,15,1,2357,2025-06-12
2025-06-12 09:52:32.755915,678.0,1,676.0,82,678.0,10,1,2357,2025-06-12
2025-06-12 09:52:45.932714,678.0,1,676.0,83,678.0,16,1,2357,2025-06-12
2025-06-12 09:54:53.690628,677.0,5,676.0,83,678.0,19,2,2357,2025-06-12
2025-06-12 09:56:02.294804,677.0,1,676.0,84,677.0,23,1,2357,2025-06-12
2025-06-12 09:56:13.929149,677.0,3,676.0,84,677.0,20,1,2357,2025-06-12
2025-06-12 09:56:17.979209,677.0,2,676.0,84,677.0,18,1,2357,2025-06-12
2025-06-12 09:56:20.192052,676.0,1,676.0,83,677.0,19,2,2357,2025-06-12
2025-06-12 09:56:29.658091,676.0,1,676.0,82,677.0,21,2,2357,2025-06-12
2025-06-12 09:56:38.049363,676.0,4,676.0,78,677.0,26,2,2357,2025-06-12
2025-06-12 09:56:38.049397,676.0,20,676.0,58,677.0,26,2,2357,2025-06-12
2025-06-12 09:56:38.081876,676.0,3,676.0,55,677.0,27,2,2357,2025-06-12
2025-06-12 09:56:38.081996,676.0,18,676.0,37,677.0,31,2,2357,2025-06-12
2025-06-12 09:56:38.081999,676.0,37,675.0,76,677.0,31,2,2357,2025-06-12
2025-06-12 09:56:38.117844,675.0,13,675.0,62,676.0,16,2,2357,2025-06-12
2025-06-12 09:56:38.255897,675.0,6,675.0,56,676.0,20,2,2357,2025-06-12
2025-06-12 09:56:38.748002,675.0,11,675.0,45,676.0,22,2,2357,2025-06-12
2025-06-12 09:56:38.930844,675.0,3,675.0,42,676.0,26,2,2357,2025-06-12
2025-06-12 09:56:39.184779,675.0,1,675.0,34,676.0,33,2,2357,2025-06-12
2025-06-12 09:56:41.153992,676.0,32,675.0,32,676.0,4,1,2357,2025-06-12
2025-06-12 09:56:43.329615,675.0,2,675.0,35,676.0,1,2,2357,2025-06-12
2025-06-12 09:56:44.046660,675.0,3,675.0,33,676.0,1,2,2357,2025-06-12
2025-06-12 09:57:22.034231,675.0,1,675.0,31,676.0,18,2,2357,2025-06-12
2025-06-12 09:57:24.464922,675.0,2,675.0,29,676.0,18,2,2357,2025-06-12
2025-06-12 09:57:41.479485,675.0,1,675.0,29,676.0,19,2,2357,2025-06-12
2025-06-12 09:57:41.662209,675.0,1,675.0,28,676.0,18,2,2357,2025-06-12
2025-06-12 09:57:42.900731,675.0,5,675.0,24,676.0,18,2,2357,2025-06-12
2025-06-12 09:58:07.866674,676.0,22,675.0,25,676.0,3,1,2357,2025-06-12
2025-06-12 09:58:12.880938,676.0,1,675.0,32,676.0,4,1,2357,2025-06-12
2025-06-12 09:58:54.595894,676.0,2,675.0,37,676.0,4,1,2357,2025-06-12
2025-06-12 09:58:58.193586,675.0,1,675.0,36,676.0,3,2,2357,2025-06-12
2025-06-12 10:00:02.086043,675.0,1,675.0,29,676.0,9,2,2357,2025-06-12
2025-06-12 10:00:09.977978,676.0,3,675.0,29,676.0,6,1,2357,2025-06-12
2025-06-12 10:00:25.546361,676.0,1,675.0,31,676.0,5,1,2357,2025-06-12
2025-06-12 10:00:28.347005,676.0,1,675.0,31,676.0,4,1,2357,2025-06-12
2025-06-12 10:00:55.869565,676.0,4,676.0,1,677.0,13,1,2357,2025-06-12
2025-06-12 10:01:09.271585,677.0,1,676.0,5,677.0,10,1,2357,2025-06-12
2025-06-12 10:01:45.421659,677.0,1,676.0,15,677.0,6,1,2357,2025-06-12
2025-06-12 10:03:12.571114,677.0,1,676.0,22,677.0,4,1,2357,2025-06-12
2025-06-12 10:03:12.596771,676.0,17,676.0,5,677.0,4,2,2357,2025-06-12
2025-06-12 10:03:12.599518,676.0,5,675.0,30,677.0,4,2,2357,2025-06-12
2025-06-12 10:03:53.765923,676.0,1,675.0,34,676.0,12,1,2357,2025-06-12
2025-06-12 10:03:59.826142,675.0,3,675.0,32,676.0,14,2,2357,2025-06-12
2025-06-12 10:04:05.291380,675.0,1,675.0,31,676.0,15,2,2357,2025-06-12
2025-06-12 10:04:06.025242,675.0,3,675.0,28,676.0,18,2,2357,2025-06-12
2025-06-12 10:04:07.023004,676.0,3,675.0,28,676.0,15,1,2357,2025-06-12
2025-06-12 10:04:37.039701,675.0,10,675.0,22,676.0,10,2,2357,2025-06-12
2025-06-12 10:04:54.383967,676.0,1,675.0,22,676.0,10,1,2357,2025-06-12
2025-06-12 10:05:36.229605,676.0,1,675.0,25,676.0,13,1,2357,2025-06-12
2025-06-12 10:05:37.273320,675.0,1,675.0,24,676.0,13,2,2357,2025-06-12
2025-06-12 10:05:44.759239,676.0,12,675.0,73,677.0,10,1,2357,2025-06-12
2025-06-12 10:05:47.021232,676.0,1,676.0,20,677.0,3,2,2357,2025-06-12
2025-06-12 10:05:59.832634,677.0,3,676.0,26,678.0,5,1,2357,2025-06-12
2025-06-12 10:06:39.826854,678.0,1,677.0,20,678.0,4,1,2357,2025-06-12
2025-06-12 10:07:31.546480,677.0,1,677.0,24,678.0,6,2,2357,2025-06-12
2025-06-12 10:07:38.451077,677.0,1,677.0,23,678.0,6,2,2357,2025-06-12
2025-06-12 10:08:03.071955,678.0,3,677.0,23,678.0,3,1,2357,2025-06-12
2025-06-12 10:08:03.106662,678.0,3,677.0,23,679.0,4,1,2357,2025-06-12
2025-06-12 10:08:04.187200,679.0,1,677.0,29,679.0,3,1,2357,2025-06-12
2025-06-12 10:08:48.633826,679.0,1,678.0,19,679.0,5,1,2357,2025-06-12
2025-06-12 10:09:20.416139,679.0,1,678.0,19,679.0,5,1,2357,2025-06-12
2025-06-12 10:09:31.321492,679.0,8,678.0,18,680.0,20,1,2357,2025-06-12
2025-06-12 10:10:11.578518,680.0,1,679.0,7,680.0,21,1,2357,2025-06-12
2025-06-12 10:10:26.758376,680.0,1,679.0,7,680.0,20,1,2357,2025-06-12
2025-06-12 10:12:00.115372,680.0,3,679.0,12,680.0,23,1,2357,2025-06-12
2025-06-12 10:12:06.039939,679.0,1,679.0,12,680.0,22,2,2357,2025-06-12
2025-06-12 10:12:07.268920,679.0,1,679.0,10,680.0,22,2,2357,2025-06-12
2025-06-12 10:12:26.221545,679.0,1,679.0,10,680.0,24,2,2357,2025-06-12
2025-06-12 10:12:44.694437,679.0,1,679.0,9,680.0,25,2,2357,2025-06-12
2025-06-12 10:12:53.914143,679.0,4,679.0,5,680.0,25,2,2357,2025-06-12
2025-06-12 10:13:01.505358,679.0,1,679.0,4,680.0,27,2,2357,2025-06-12
2025-06-12 10:13:03.746228,679.0,1,679.0,3,680.0,27,2,2357,2025-06-12
2025-06-12 10:13:04.209840,679.0,1,679.0,2,680.0,27,2,2357,2025-06-12
2025-06-12 10:13:30.758662,680.0,1,679.0,3,680.0,26,1,2357,2025-06-12
2025-06-12 10:13:32.575649,679.0,1,679.0,2,680.0,26,2,2357,2025-06-12
2025-06-12 10:13:46.455154,680.0,1,679.0,2,680.0,26,1,2357,2025-06-12
2025-06-12 10:14:47.167444,679.0,1,679.0,6,680.0,29,2,2357,2025-06-12
2025-06-12 10:15:00.392422,679.0,1,679.0,5,680.0,29,2,2357,2025-06-12
2025-06-12 10:15:02.065476,679.0,1,679.0,5,680.0,29,2,2357,2025-06-12
2025-06-12 10:15:18.702839,679.0,5,678.0,7,680.0,32,2,2357,2025-06-12
2025-06-12 10:15:57.158996,679.0,3,678.0,5,679.0,9,1,2357,2025-06-12
2025-06-12 10:16:02.608477,678.0,1,678.0,4,679.0,13,2,2357,2025-06-12
2025-06-12 10:16:10.903472,678.0,1,678.0,4,679.0,14,2,2357,2025-06-12
2025-06-12 10:16:17.684073,678.0,1,678.0,3,679.0,15,2,2357,2025-06-12
2025-06-12 10:16:28.102301,678.0,1,678.0,3,679.0,15,2,2357,2025-06-12
2025-06-12 10:16:42.709422,678.0,1,678.0,1,679.0,15,2,2357,2025-06-12
2025-06-12 10:17:05.696297,677.0,1,677.0,27,679.0,16,2,2357,2025-06-12
2025-06-12 10:17:57.490893,678.0,2,677.0,30,678.0,3,1,2357,2025-06-12
2025-06-12 10:17:57.523204,678.0,1,677.0,28,679.0,14,1,2357,2025-06-12
2025-06-12 10:18:04.026690,678.0,3,677.0,26,678.0,6,1,2357,2025-06-12
2025-06-12 10:18:04.035913,678.0,6,677.0,27,679.0,4,1,2357,2025-06-12
2025-06-12 10:18:04.078151,679.0,2,678.0,11,679.0,2,1,2357,2025-06-12
2025-06-12 10:18:12.491807,679.0,1,678.0,10,679.0,4,1,2357,2025-06-12
2025-06-12 10:18:47.057868,678.0,1,678.0,6,679.0,5,2,2357,2025-06-12
2025-06-12 10:19:13.900448,679.0,1,678.0,5,679.0,4,1,2357,2025-06-12
2025-06-12 10:19:53.201645,679.0,3,678.0,7,679.0,3,1,2357,2025-06-12
2025-06-12 10:22:13.402445,679.0,1,678.0,9,679.0,8,1,2357,2025-06-12
2025-06-12 10:22:13.414904,679.0,1,678.0,8,679.0,7,1,2357,2025-06-12
2025-06-12 10:22:14.292209,678.0,1,678.0,7,679.0,7,2,2357,2025-06-12
2025-06-12 10:22:31.017675,678.0,1,678.0,6,679.0,7,2,2357,2025-06-12
2025-06-12 10:22:38.530945,679.0,1,678.0,7,679.0,7,1,2357,2025-06-12
2025-06-12 10:22:43.756431,679.0,1,678.0,7,679.0,5,1,2357,2025-06-12
2025-06-12 10:23:50.243268,679.0,3,678.0,9,679.0,7,1,2357,2025-06-12
2025-06-12 10:24:24.264285,679.0,2,678.0,10,679.0,5,1,2357,2025-06-12
2025-06-12 10:25:47.756059,679.0,1,678.0,12,679.0,7,1,2357,2025-06-12
2025-06-12 10:27:04.576866,679.0,1,678.0,15,679.0,7,1,2357,2025-06-12
2025-06-12 10:27:04.759978,679.0,1,678.0,15,679.0,6,1,2357,2025-06-12
2025-06-12 10:27:12.460923,679.0,6,679.0,1,680.0,27,1,2357,2025-06-12
2025-06-12 10:27:35.683079,679.0,2,679.0,10,680.0,32,2,2357,2025-06-12
2025-06-12 10:27:47.284747,680.0,3,679.0,10,680.0,30,1,2357,2025-06-12
2025-06-12 10:28:16.219911,680.0,1,679.0,11,680.0,30,1,2357,2025-06-12
2025-06-12 10:28:46.063407,680.0,1,679.0,15,680.0,31,1,2357,2025-06-12
2025-06-12 10:29:20.378927,679.0,1,679.0,21,680.0,30,2,2357,2025-06-12
2025-06-12 10:30:00.329705,679.0,1,679.0,19,680.0,35,2,2357,2025-06-12
2025-06-12 10:30:12.219281,679.0,2,679.0,17,680.0,35,2,2357,2025-06-12
2025-06-12 10:30:12.252499,679.0,17,678.0,5,680.0,35,2,2357,2025-06-12
2025-06-12 10:31:17.336712,678.0,1,678.0,6,679.0,10,2,2357,2025-06-12
2025-06-12 10:31:30.612014,679.0,1,678.0,6,679.0,10,1,2357,2025-06-12
2025-06-12 10:31:43.325236,679.0,3,678.0,6,679.0,15,1,2357,2025-06-12
2025-06-12 10:31:56.758492,679.0,1,678.0,6,679.0,13,1,2357,2025-06-12
2025-06-12 10:34:19.082872,678.0,1,678.0,7,679.0,18,2,2357,2025-06-12
2025-06-12 10:35:00.762414,679.0,1,678.0,7,679.0,19,1,2357,2025-06-12
2025-06-12 10:35:09.508529,678.0,5,678.0,2,679.0,19,2,2357,2025-06-12
2025-06-12 10:35:09.531633,678.0,2,677.0,24,679.0,20,2,2357,2025-06-12
2025-06-12 10:35:22.591616,677.0,1,677.0,21,679.0,27,2,2357,2025-06-12
2025-06-12 10:35:40.370699,678.0,3,677.0,15,678.0,8,1,2357,2025-06-12
2025-06-12 10:35:56.640482,678.0,1,677.0,17,678.0,14,1,2357,2025-06-12
2025-06-12 10:37:18.510808,678.0,1,677.0,19,678.0,22,1,2357,2025-06-12
2025-06-12 10:37:30.855758,677.0,1,677.0,18,678.0,22,2,2357,2025-06-12
2025-06-12 10:37:53.977154,677.0,4,677.0,15,678.0,22,2,2357,2025-06-12
2025-06-12 10:39:36.420812,678.0,3,677.0,17,678.0,20,1,2357,2025-06-12
2025-06-12 10:39:52.085596,678.0,1,677.0,23,678.0,20,1,2357,2025-06-12
2025-06-12 10:40:21.462648,678.0,1,677.0,24,678.0,19,1,2357,2025-06-12
2025-06-12 10:40:21.471204,678.0,1,677.0,23,678.0,18,1,2357,2025-06-12
2025-06-12 10:40:22.686457,678.0,1,677.0,23,678.0,17,1,2357,2025-06-12
2025-06-12 10:40:22.721828,678.0,6,677.0,24,678.0,11,1,2357,2025-06-12
2025-06-12 10:40:22.748774,678.0,11,677.0,24,679.0,11,1,2357,2025-06-12
2025-06-12 10:41:00.107522,678.0,1,678.0,20,679.0,12,2,2357,2025-06-12
2025-06-12 10:41:09.756376,679.0,1,678.0,14,679.0,12,1,2357,2025-06-12
2025-06-12 10:41:20.896375,678.0,1,678.0,13,679.0,11,2,2357,2025-06-12
2025-06-12 10:41:32.508789,678.0,1,678.0,12,679.0,13,2,2357,2025-06-12
2025-06-12 10:41:50.345256,679.0,1,678.0,12,679.0,12,1,2357,2025-06-12
2025-06-12 10:41:57.368992,678.0,1,678.0,11,679.0,12,2,2357,2025-06-12
2025-06-12 10:42:15.583343,678.0,2,678.0,10,679.0,12,2,2357,2025-06-12
2025-06-12 10:42:32.286138,678.0,1,678.0,9,679.0,14,2,2357,2025-06-12
2025-06-12 10:42:58.303512,678.0,2,678.0,8,679.0,18,2,2357,2025-06-12
2025-06-12 10:43:31.764758,678.0,1,678.0,8,679.0,17,2,2357,2025-06-12
2025-06-12 10:43:33.478509,679.0,3,678.0,8,679.0,14,1,2357,2025-06-12
2025-06-12 10:44:33.113575,678.0,1,678.0,8,679.0,14,2,2357,2025-06-12
2025-06-12 10:44:48.727726,679.0,1,678.0,9,679.0,13,1,2357,2025-06-12
2025-06-12 10:45:00.559783,678.0,1,678.0,9,679.0,13,2,2357,2025-06-12
2025-06-12 10:45:32.122501,678.0,1,678.0,8,679.0,14,2,2357,2025-06-12
2025-06-12 10:46:20.819677,679.0,1,678.0,9,679.0,15,1,2357,2025-06-12
2025-06-12 10:46:32.427122,678.0,1,678.0,8,679.0,15,2,2357,2025-06-12
2025-06-12 10:47:18.758867,679.0,1,678.0,10,679.0,18,1,2357,2025-06-12
2025-06-12 10:47:30.527042,679.0,3,678.0,10,679.0,17,1,2357,2025-06-12
2025-06-12 10:49:14.762748,679.0,1,678.0,16,679.0,17,1,2357,2025-06-12
2025-06-12 10:50:09.512223,679.0,1,678.0,16,679.0,17,1,2357,2025-06-12
2025-06-12 10:50:09.519061,679.0,1,678.0,15,679.0,16,1,2357,2025-06-12
2025-06-12 10:50:09.525211,679.0,1,678.0,14,679.0,15,1,2357,2025-06-12
2025-06-12 10:50:22.761258,679.0,1,678.0,14,679.0,25,1,2357,2025-06-12
2025-06-12 10:50:29.567529,678.0,1,678.0,14,679.0,24,2,2357,2025-06-12
2025-06-12 10:51:15.001247,678.0,2,678.0,12,679.0,25,2,2357,2025-06-12
2025-06-12 10:51:26.577091,679.0,3,678.0,12,679.0,23,1,2357,2025-06-12
2025-06-12 10:51:42.359376,678.0,1,678.0,12,679.0,21,2,2357,2025-06-12
2025-06-12 10:52:07.044635,679.0,1,678.0,13,679.0,20,1,2357,2025-06-12
2025-06-12 10:52:30.947914,678.0,1,678.0,13,679.0,20,2,2357,2025-06-12
2025-06-12 10:53:14.086887,678.0,1,678.0,16,679.0,20,2,2357,2025-06-12
2025-06-12 10:53:26.765012,679.0,1,678.0,16,679.0,19,1,2357,2025-06-12
2025-06-12 10:53:40.785625,679.0,1,678.0,16,679.0,18,1,2357,2025-06-12
2025-06-12 10:53:45.003389,679.0,2,678.0,16,679.0,16,1,2357,2025-06-12
2025-06-12 10:54:00.898788,679.0,1,678.0,16,679.0,15,1,2357,2025-06-12
2025-06-12 10:54:34.735250,678.0,1,678.0,19,679.0,17,2,2357,2025-06-12
2025-06-12 10:55:01.034380,679.0,2,678.0,19,679.0,22,1,2357,2025-06-12
2025-06-12 10:55:23.124890,679.0,1,678.0,19,679.0,21,1,2357,2025-06-12
2025-06-12 10:55:23.628725,679.0,3,678.0,19,679.0,18,1,2357,2025-06-12
2025-06-12 10:56:17.061621,679.0,2,678.0,19,679.0,20,1,2357,2025-06-12
2025-06-12 10:56:31.768519,679.0,1,678.0,23,679.0,21,1,2357,2025-06-12
2025-06-12 10:56:37.396938,679.0,11,678.0,29,679.0,18,1,2357,2025-06-12
2025-06-12 10:56:37.417259,679.0,5,678.0,29,679.0,2,1,2357,2025-06-12
2025-06-12 10:56:37.417366,679.0,1,678.0,34,679.0,1,1,2357,2025-06-12
2025-06-12 10:56:37.420493,679.0,1,678.0,35,680.0,39,1,2357,2025-06-12
2025-06-12 10:56:37.464484,679.0,1,679.0,4,680.0,38,2,2357,2025-06-12
2025-06-12 10:57:32.087597,680.0,2,679.0,12,680.0,38,1,2357,2025-06-12
2025-06-12 10:58:06.835920,680.0,1,679.0,14,680.0,40,1,2357,2025-06-12
2025-06-12 10:58:32.041797,679.0,1,679.0,13,680.0,42,2,2357,2025-06-12
2025-06-12 10:58:48.113822,680.0,2,679.0,13,680.0,39,1,2357,2025-06-12
2025-06-12 10:59:19.677787,680.0,3,679.0,15,680.0,37,1,2357,2025-06-12
2025-06-12 10:59:35.773203,680.0,1,679.0,20,680.0,36,1,2357,2025-06-12
2025-06-12 10:59:39.795780,679.0,1,679.0,19,680.0,36,2,2357,2025-06-12
2025-06-12 11:00:00.271769,679.0,1,679.0,19,680.0,38,2,2357,2025-06-12
2025-06-12 11:00:03.141357,680.0,2,679.0,19,680.0,37,1,2357,2025-06-12
2025-06-12 11:01:19.167334,680.0,2,679.0,19,680.0,36,1,2357,2025-06-12
2025-06-12 11:02:32.873056,680.0,1,679.0,25,680.0,35,1,2357,2025-06-12
2025-06-12 11:02:34.192844,680.0,2,679.0,25,680.0,33,1,2357,2025-06-12
2025-06-12 11:02:40.775774,680.0,1,679.0,25,680.0,32,1,2357,2025-06-12
2025-06-12 11:03:16.720985,680.0,3,679.0,26,680.0,30,1,2357,2025-06-12
2025-06-12 11:03:19.932866,680.0,1,679.0,26,680.0,29,1,2357,2025-06-12
2025-06-12 11:03:48.044716,680.0,1,679.0,27,680.0,28,1,2357,2025-06-12
2025-06-12 11:03:50.217765,680.0,2,679.0,29,680.0,29,1,2357,2025-06-12
2025-06-12 11:03:50.268764,680.0,1,679.0,29,680.0,28,1,2357,2025-06-12
2025-06-12 11:03:51.172380,680.0,8,679.0,28,680.0,22,1,2357,2025-06-12
2025-06-12 11:04:07.393000,680.0,1,679.0,21,680.0,21,1,2357,2025-06-12
2025-06-12 11:04:07.405464,680.0,1,679.0,20,680.0,20,1,2357,2025-06-12
2025-06-12 11:04:07.411484,680.0,1,679.0,19,680.0,19,1,2357,2025-06-12
2025-06-12 11:04:25.422944,680.0,1,679.0,20,680.0,18,1,2357,2025-06-12
2025-06-12 11:05:05.242617,680.0,2,679.0,21,680.0,16,1,2357,2025-06-12
2025-06-12 11:05:44.777638,680.0,1,679.0,22,680.0,17,1,2357,2025-06-12
2025-06-12 11:06:21.267802,680.0,2,679.0,24,680.0,23,1,2357,2025-06-12
2025-06-12 11:06:23.454444,680.0,2,679.0,24,680.0,21,1,2357,2025-06-12
2025-06-12 11:06:58.896700,680.0,1,679.0,30,680.0,22,1,2357,2025-06-12
2025-06-12 11:07:11.377605,679.0,1,679.0,29,680.0,22,2,2357,2025-06-12
2025-06-12 11:07:13.756579,680.0,3,679.0,29,680.0,19,1,2357,2025-06-12
2025-06-12 11:07:30.765420,679.0,1,679.0,28,680.0,19,2,2357,2025-06-12
2025-06-12 11:07:36.302140,680.0,2,679.0,29,680.0,17,1,2357,2025-06-12
2025-06-12 11:08:16.293707,680.0,2,679.0,30,680.0,16,1,2357,2025-06-12
2025-06-12 11:08:18.158539,680.0,8,679.0,30,680.0,8,1,2357,2025-06-12
2025-06-12 11:08:24.247594,680.0,1,679.0,30,680.0,10,1,2357,2025-06-12
2025-06-12 11:08:35.702877,680.0,1,679.0,34,680.0,9,1,2357,2025-06-12
2025-06-12 11:08:35.709710,680.0,1,679.0,33,680.0,8,1,2357,2025-06-12
2025-06-12 11:08:35.715602,680.0,1,679.0,32,680.0,7,1,2357,2025-06-12
2025-06-12 11:08:39.996124,680.0,5,679.0,33,680.0,2,1,2357,2025-06-12
2025-06-12 11:08:40.032045,680.0,2,679.0,33,680.0,2,1,2357,2025-06-12
2025-06-12 11:08:47.196932,680.0,1,679.0,39,681.0,32,2,2357,2025-06-12
2025-06-12 11:08:48.783796,681.0,1,679.0,36,681.0,31,1,2357,2025-06-12
2025-06-12 11:08:52.327230,681.0,2,680.0,3,681.0,30,1,2357,2025-06-12
2025-06-12 11:09:24.283745,681.0,1,680.0,9,681.0,28,1,2357,2025-06-12
2025-06-12 11:10:07.361355,681.0,2,680.0,14,681.0,44,1,2357,2025-06-12
2025-06-12 11:10:31.130716,681.0,2,680.0,16,681.0,48,1,2357,2025-06-12
2025-06-12 11:10:53.484659,680.0,1,680.0,15,681.0,48,2,2357,2025-06-12
2025-06-12 11:11:00.464340,680.0,5,680.0,10,681.0,48,2,2357,2025-06-12
2025-06-12 11:11:02.457459,680.0,10,679.0,30,681.0,49,2,2357,2025-06-12
2025-06-12 11:11:09.793974,681.0,3,679.0,24,681.0,52,1,2357,2025-06-12
2025-06-12 11:11:23.377039,681.0,2,680.0,3,681.0,47,1,2357,2025-06-12
2025-06-12 11:11:24.922148,681.0,1,680.0,3,681.0,45,1,2357,2025-06-12
2025-06-12 11:11:42.412028,681.0,5,680.0,9,681.0,40,1,2357,2025-06-12
2025-06-12 11:11:53.775638,681.0,1,680.0,9,681.0,36,1,2357,2025-06-12
2025-06-12 11:12:38.400804,681.0,2,680.0,9,681.0,52,1,2357,2025-06-12
2025-06-12 11:13:27.755694,681.0,1,680.0,10,681.0,50,1,2357,2025-06-12
2025-06-12 11:13:54.424783,681.0,2,680.0,13,681.0,48,1,2357,2025-06-12
2025-06-12 11:14:27.810543,680.0,1,680.0,13,681.0,49,2,2357,2025-06-12
2025-06-12 11:14:54.050900,681.0,1,680.0,13,681.0,58,1,2357,2025-06-12
2025-06-12 11:14:57.763970,681.0,1,680.0,13,681.0,57,1,2357,2025-06-12
2025-06-12 11:15:01.261571,680.0,1,680.0,12,681.0,57,2,2357,2025-06-12
2025-06-12 11:15:06.826327,681.0,3,680.0,12,681.0,54,1,2357,2025-06-12
2025-06-12 11:15:09.448181,681.0,2,680.0,12,681.0,52,1,2357,2025-06-12
2025-06-12 11:15:25.936182,681.0,1,680.0,13,681.0,53,1,2357,2025-06-12
2025-06-12 11:15:50.978220,681.0,1,680.0,13,681.0,52,1,2357,2025-06-12
2025-06-12 11:16:25.471757,681.0,2,680.0,15,681.0,51,1,2357,2025-06-12
2025-06-12 11:16:54.269608,681.0,10,680.0,18,681.0,43,1,2357,2025-06-12
2025-06-12 11:17:12.541026,680.0,1,680.0,17,681.0,44,2,2357,2025-06-12
2025-06-12 11:17:40.494761,681.0,2,680.0,19,681.0,42,1,2357,2025-06-12
2025-06-12 11:18:56.520433,681.0,2,680.0,19,681.0,45,1,2357,2025-06-12
2025-06-12 11:19:02.863028,681.0,3,680.0,19,681.0,42,1,2357,2025-06-12
2025-06-12 11:19:48.431336,680.0,1,680.0,22,681.0,43,2,2357,2025-06-12
2025-06-12 11:20:12.543237,681.0,2,680.0,23,681.0,41,1,2357,2025-06-12
2025-06-12 11:20:17.015976,681.0,1,680.0,23,681.0,40,1,2357,2025-06-12
2025-06-12 11:20:52.621377,680.0,1,680.0,22,681.0,40,2,2357,2025-06-12
2025-06-12 11:21:06.764695,681.0,1,680.0,24,681.0,46,1,2357,2025-06-12
2025-06-12 11:21:27.565877,681.0,2,680.0,24,681.0,44,1,2357,2025-06-12
2025-06-12 11:22:30.018506,681.0,1,680.0,22,681.0,43,1,2357,2025-06-12
2025-06-12 11:22:30.690084,680.0,1,680.0,21,681.0,43,2,2357,2025-06-12
2025-06-12 11:22:43.588719,681.0,2,680.0,21,681.0,46,1,2357,2025-06-12
2025-06-12 11:22:59.903134,681.0,3,680.0,21,681.0,43,1,2357,2025-06-12
2025-06-12 11:23:02.591358,681.0,2,680.0,23,681.0,41,1,2357,2025-06-12
2025-06-12 11:23:28.510819,681.0,1,680.0,26,681.0,41,1,2357,2025-06-12
2025-06-12 11:23:38.780328,680.0,1,680.0,21,681.0,41,2,2357,2025-06-12
2025-06-12 11:23:54.278534,680.0,20,679.0,18,681.0,43,2,2357,2025-06-12
2025-06-12 11:23:58.610419,680.0,2,679.0,16,680.0,6,1,2357,2025-06-12
2025-06-12 11:24:10.767450,680.0,1,679.0,16,680.0,11,1,2357,2025-06-12
2025-06-12 11:24:15.864086,680.0,1,679.0,16,680.0,10,1,2357,2025-06-12
2025-06-12 11:24:43.053305,680.0,1,679.0,17,680.0,14,1,2357,2025-06-12
2025-06-12 11:25:14.635582,680.0,2,679.0,19,680.0,26,1,2357,2025-06-12
2025-06-12 11:25:46.724544,680.0,1,679.0,18,680.0,26,1,2357,2025-06-12
2025-06-12 11:26:29.658792,680.0,2,679.0,18,680.0,24,1,2357,2025-06-12
2025-06-12 11:26:56.940101,680.0,3,679.0,19,680.0,21,1,2357,2025-06-12
2025-06-12 11:27:10.030159,680.0,1,679.0,21,680.0,19,1,2357,2025-06-12
2025-06-12 11:27:14.769805,680.0,1,679.0,21,680.0,18,1,2357,2025-06-12
2025-06-12 11:27:25.071381,679.0,1,679.0,20,680.0,18,2,2357,2025-06-12
2025-06-12 11:27:45.680334,680.0,2,679.0,20,680.0,19,1,2357,2025-06-12
2025-06-12 11:27:52.682479,680.0,1,679.0,19,680.0,18,1,2357,2025-06-12
2025-06-12 11:28:23.566935,680.0,2,679.0,20,680.0,19,1,2357,2025-06-12
2025-06-12 11:29:00.702224,680.0,2,679.0,21,680.0,18,1,2357,2025-06-12
2025-06-12 11:29:09.097762,680.0,1,679.0,21,680.0,17,1,2357,2025-06-12
2025-06-12 11:29:55.712255,680.0,1,679.0,22,680.0,16,1,2357,2025-06-12
2025-06-12 11:30:01.114826,679.0,1,679.0,21,680.0,16,2,2357,2025-06-12
2025-06-12 11:30:16.723531,680.0,2,679.0,20,680.0,21,1,2357,2025-06-12
2025-06-12 11:30:52.978112,680.0,3,679.0,21,680.0,20,1,2357,2025-06-12
2025-06-12 11:31:31.744530,680.0,2,679.0,24,680.0,17,1,2357,2025-06-12
2025-06-12 11:31:31.804011,680.0,1,679.0,23,680.0,16,1,2357,2025-06-12
2025-06-12 11:31:32.355496,680.0,1,679.0,23,680.0,15,1,2357,2025-06-12
2025-06-12 11:31:58.744587,680.0,1,679.0,22,680.0,14,1,2357,2025-06-12
2025-06-12 11:32:25.578941,679.0,1,679.0,22,680.0,13,2,2357,2025-06-12
2025-06-12 11:32:46.850280,680.0,18,680.0,2,681.0,43,1,2357,2025-06-12
2025-06-12 11:32:46.876915,680.0,2,679.0,24,681.0,40,2,2357,2025-06-12
2025-06-12 11:32:47.765779,680.0,2,679.0,27,681.0,41,1,2357,2025-06-12
2025-06-12 11:33:17.420888,680.0,1,680.0,15,681.0,40,2,2357,2025-06-12
2025-06-12 11:33:23.773022,681.0,1,680.0,17,681.0,39,1,2357,2025-06-12
2025-06-12 11:33:35.122914,681.0,1,680.0,17,681.0,38,1,2357,2025-06-12
2025-06-12 11:34:02.786477,681.0,2,680.0,18,681.0,38,1,2357,2025-06-12
2025-06-12 11:34:19.506010,680.0,1,680.0,19,681.0,38,2,2357,2025-06-12
2025-06-12 11:34:50.012332,681.0,3,680.0,16,681.0,36,1,2357,2025-06-12
2025-06-12 11:35:18.807835,681.0,2,680.0,22,681.0,40,1,2357,2025-06-12
2025-06-12 11:35:19.192769,680.0,1,680.0,21,681.0,40,2,2357,2025-06-12
2025-06-12 11:35:47.051512,680.0,1,680.0,20,681.0,40,2,2357,2025-06-12
2025-06-12 11:35:58.646475,680.0,1,680.0,19,681.0,40,2,2357,2025-06-12
2025-06-12 11:36:06.472328,680.0,1,680.0,12,681.0,40,2,2357,2025-06-12
2025-06-12 11:36:12.863405,680.0,1,680.0,11,681.0,41,2,2357,2025-06-12
2025-06-12 11:36:16.132752,680.0,1,680.0,10,681.0,42,2,2357,2025-06-12
2025-06-12 11:36:27.776567,681.0,1,680.0,11,681.0,41,1,2357,2025-06-12
2025-06-12 11:36:33.828706,681.0,2,680.0,13,681.0,39,1,2357,2025-06-12
2025-06-12 11:36:36.785957,680.0,1,680.0,12,681.0,38,2,2357,2025-06-12
2025-06-12 11:37:14.504640,680.0,1,680.0,16,681.0,38,2,2357,2025-06-12
2025-06-12 11:37:30.875783,680.0,1,680.0,15,681.0,38,2,2357,2025-06-12
2025-06-12 11:37:39.091838,680.0,2,680.0,13,681.0,39,2,2357,2025-06-12
2025-06-12 11:37:49.849592,681.0,2,680.0,13,681.0,37,1,2357,2025-06-12
2025-06-12 11:38:01.171923,681.0,1,680.0,13,681.0,35,1,2357,2025-06-12
2025-06-12 11:38:08.922734,681.0,1,680.0,14,681.0,34,1,2357,2025-06-12
2025-06-12 11:38:31.944415,680.0,1,680.0,16,681.0,34,2,2357,2025-06-12
2025-06-12 11:38:46.043123,681.0,3,680.0,16,681.0,31,1,2357,2025-06-12
2025-06-12 11:38:50.018590,681.0,1,680.0,16,681.0,30,1,2357,2025-06-12
2025-06-12 11:39:04.869524,681.0,2,680.0,16,681.0,30,1,2357,2025-06-12
2025-06-12 11:39:32.781102,681.0,1,680.0,16,681.0,37,1,2357,2025-06-12
2025-06-12 11:40:20.889380,681.0,2,680.0,21,681.0,34,1,2357,2025-06-12
2025-06-12 11:40:34.661859,681.0,1,680.0,22,681.0,33,1,2357,2025-06-12
2025-06-12 11:40:39.621835,680.0,1,680.0,21,681.0,32,2,2357,2025-06-12
2025-06-12 11:40:42.742374,681.0,1,680.0,21,681.0,31,1,2357,2025-06-12
2025-06-12 11:40:58.995986,680.0,1,680.0,20,681.0,30,2,2357,2025-06-12
2025-06-12 11:41:36.909640,681.0,2,680.0,18,681.0,28,1,2357,2025-06-12
2025-06-12 11:42:27.225006,681.0,1,680.0,21,681.0,28,1,2357,2025-06-12
2025-06-12 11:42:43.074077,681.0,3,680.0,18,681.0,26,1,2357,2025-06-12
2025-06-12 11:42:51.928511,681.0,2,680.0,18,681.0,24,1,2357,2025-06-12
2025-06-12 11:44:07.949193,681.0,2,680.0,24,681.0,28,1,2357,2025-06-12
2025-06-12 11:44:12.840879,680.0,1,680.0,23,681.0,28,2,2357,2025-06-12
2025-06-12 11:45:01.200975,680.0,1,680.0,27,681.0,29,2,2357,2025-06-12
2025-06-12 11:45:02.351719,680.0,1,680.0,26,681.0,29,2,2357,2025-06-12
2025-06-12 11:45:22.967835,681.0,2,680.0,27,681.0,27,1,2357,2025-06-12
2025-06-12 11:45:40.780400,681.0,1,680.0,27,681.0,31,1,2357,2025-06-12
2025-06-12 11:46:38.986650,681.0,2,680.0,23,681.0,32,1,2357,2025-06-12
2025-06-12 11:46:40.112763,681.0,3,680.0,23,681.0,29,1,2357,2025-06-12
2025-06-12 11:46:53.234751,681.0,1,680.0,23,681.0,29,1,2357,2025-06-12
2025-06-12 11:47:54.005004,681.0,2,680.0,24,681.0,28,1,2357,2025-06-12
2025-06-12 11:48:45.776945,681.0,1,680.0,24,681.0,29,1,2357,2025-06-12
2025-06-12 11:49:10.024594,681.0,2,680.0,19,681.0,28,1,2357,2025-06-12
2025-06-12 11:49:32.575537,680.0,1,680.0,18,681.0,28,2,2357,2025-06-12
2025-06-12 11:49:36.963930,681.0,1,680.0,18,681.0,27,1,2357,2025-06-12
2025-06-12 11:49:56.128765,681.0,1,680.0,19,681.0,28,1,2357,2025-06-12
2025-06-12 11:50:25.043331,681.0,2,680.0,21,681.0,27,1,2357,2025-06-12
2025-06-12 11:50:36.147715,681.0,3,680.0,23,681.0,30,1,2357,2025-06-12
2025-06-12 11:50:41.070458,680.0,1,680.0,22,681.0,30,2,2357,2025-06-12
2025-06-12 11:50:42.065271,681.0,2,680.0,22,681.0,28,1,2357,2025-06-12
2025-06-12 11:51:09.111624,681.0,20,680.0,46,681.0,15,1,2357,2025-06-12
2025-06-12 11:51:11.130086,681.0,1,680.0,45,681.0,16,1,2357,2025-06-12
2025-06-12 11:51:19.272581,681.0,1,680.0,45,681.0,16,1,2357,2025-06-12
2025-06-12 11:51:41.062614,681.0,2,680.0,45,681.0,15,1,2357,2025-06-12
2025-06-12 11:51:48.900284,681.0,1,680.0,45,681.0,14,1,2357,2025-06-12
2025-06-12 11:51:49.777193,681.0,1,680.0,45,681.0,13,1,2357,2025-06-12
2025-06-12 11:51:54.489732,681.0,1,680.0,44,681.0,12,1,2357,2025-06-12
2025-06-12 11:52:16.443434,681.0,2,680.0,44,681.0,10,1,2357,2025-06-12
2025-06-12 11:52:21.906437,681.0,2,680.0,45,681.0,8,1,2357,2025-06-12
2025-06-12 11:52:31.198682,680.0,1,680.0,44,681.0,8,2,2357,2025-06-12
2025-06-12 11:52:54.870187,681.0,1,680.0,44,681.0,7,1,2357,2025-06-12
2025-06-12 11:52:56.081203,681.0,2,680.0,44,681.0,5,1,2357,2025-06-12
2025-06-12 11:53:59.340562,681.0,1,680.0,45,681.0,6,1,2357,2025-06-12
2025-06-12 11:54:12.100033,681.0,2,680.0,45,681.0,4,1,2357,2025-06-12
2025-06-12 11:54:33.183578,681.0,3,680.0,45,681.0,2,1,2357,2025-06-12
2025-06-12 11:54:36.549431,681.0,2,680.0,45,682.0,67,1,2357,2025-06-12
2025-06-12 11:54:42.761404,681.0,2,680.0,44,681.0,3,1,2357,2025-06-12
2025-06-12 11:54:47.097052,681.0,1,680.0,44,681.0,2,1,2357,2025-06-12
2025-06-12 11:54:54.773646,681.0,1,680.0,44,681.0,1,1,2357,2025-06-12
2025-06-12 11:55:27.120669,681.0,2,680.0,44,681.0,3,1,2357,2025-06-12
2025-06-12 11:55:30.465037,681.0,1,680.0,44,681.0,2,1,2357,2025-06-12
2025-06-12 11:55:31.585613,681.0,1,680.0,44,681.0,1,1,2357,2025-06-12
2025-06-12 11:55:45.306540,681.0,1,680.0,44,682.0,72,1,2357,2025-06-12
2025-06-12 11:55:51.229843,682.0,1,680.0,47,682.0,77,1,2357,2025-06-12
2025-06-12 11:55:59.036057,681.0,1,680.0,47,682.0,77,2,2357,2025-06-12
2025-06-12 11:56:11.764206,681.0,1,680.0,44,682.0,82,2,2357,2025-06-12
2025-06-12 11:56:43.139544,681.0,2,680.0,45,681.0,2,1,2357,2025-06-12
2025-06-12 11:57:40.332074,680.0,1,680.0,44,681.0,3,2,2357,2025-06-12
2025-06-12 11:57:41.979085,680.0,3,680.0,41,681.0,6,2,2357,2025-06-12
2025-06-12 11:57:42.044797,680.0,7,680.0,34,681.0,7,2,2357,2025-06-12
2025-06-12 11:57:42.044807,680.0,6,680.0,41,681.0,7,2,2357,2025-06-12
2025-06-12 11:57:44.008694,680.0,9,680.0,19,681.0,21,2,2357,2025-06-12
2025-06-12 11:57:44.377447,680.0,13,680.0,4,681.0,22,2,2357,2025-06-12
2025-06-12 11:57:44.397706,680.0,4,679.0,16,681.0,22,2,2357,2025-06-12
2025-06-12 11:57:58.157196,681.0,2,679.0,14,681.0,22,1,2357,2025-06-12
2025-06-12 11:58:30.218140,681.0,3,679.0,17,681.0,21,1,2357,2025-06-12
2025-06-12 11:58:39.264527,681.0,1,679.0,17,681.0,18,1,2357,2025-06-12
2025-06-12 11:59:14.175606,681.0,2,679.0,30,681.0,12,1,2357,2025-06-12
2025-06-12 12:00:00.652695,679.0,1,679.0,25,680.0,11,2,2357,2025-06-12
2025-06-12 12:00:11.338309,680.0,1,679.0,25,680.0,10,1,2357,2025-06-12
2025-06-12 12:00:30.194045,680.0,2,679.0,25,680.0,8,1,2357,2025-06-12
2025-06-12 12:00:31.835974,679.0,1,679.0,26,680.0,8,2,2357,2025-06-12
2025-06-12 12:01:09.142713,680.0,1,679.0,26,680.0,7,1,2357,2025-06-12
2025-06-12 12:01:10.188177,680.0,8,679.0,38,680.0,8,1,2357,2025-06-12
2025-06-12 12:01:31.864313,680.0,1,680.0,11,681.0,6,2,2357,2025-06-12
2025-06-12 12:01:45.210816,681.0,2,680.0,10,681.0,4,1,2357,2025-06-12
2025-06-12 12:01:57.240903,681.0,1,680.0,11,681.0,2,1,2357,2025-06-12
2025-06-12 12:02:11.832244,681.0,1,680.0,10,681.0,3,1,2357,2025-06-12
2025-06-12 12:02:12.084606,681.0,1,680.0,10,681.0,2,1,2357,2025-06-12
2025-06-12 12:02:26.245528,681.0,2,680.0,10,682.0,75,1,2357,2025-06-12
2025-06-12 12:02:26.245528,682.0,1,680.0,10,682.0,75,1,2357,2025-06-12
2025-06-12 12:02:31.837334,680.0,1,680.0,11,681.0,1,2,2357,2025-06-12
2025-06-12 12:03:00.199418,681.0,1,680.0,8,681.0,2,1,2357,2025-06-12
2025-06-12 12:03:01.228621,681.0,2,680.0,6,682.0,78,1,2357,2025-06-12
2025-06-12 12:04:16.245262,681.0,2,680.0,10,681.0,5,1,2357,2025-06-12
2025-06-12 12:04:37.385607,681.0,1,680.0,12,681.0,4,1,2357,2025-06-12
2025-06-12 12:04:45.124152,681.0,1,680.0,11,681.0,3,1,2357,2025-06-12
2025-06-12 12:05:01.832435,681.0,2,680.0,9,681.0,2,1,2357,2025-06-12
2025-06-12 12:05:32.262590,681.0,2,680.0,12,681.0,1,1,2357,2025-06-12
2025-06-12 12:06:23.272420,681.0,3,680.0,15,681.0,13,1,2357,2025-06-12
2025-06-12 12:06:39.213763,681.0,1,680.0,16,681.0,12,1,2357,2025-06-12
2025-06-12 12:06:47.278675,681.0,2,680.0,16,681.0,17,1,2357,2025-06-12
2025-06-12 12:07:30.429631,680.0,1,680.0,17,681.0,23,2,2357,2025-06-12
2025-06-12 12:07:41.569504,681.0,1,680.0,16,681.0,22,1,2357,2025-06-12
2025-06-12 12:08:03.297349,681.0,2,680.0,16,681.0,22,1,2357,2025-06-12
2025-06-12 12:08:30.213233,681.0,1,680.0,15,681.0,21,1,2357,2025-06-12
2025-06-12 12:09:03.415822,681.0,1,680.0,15,681.0,22,1,2357,2025-06-12
2025-06-12 12:09:18.312905,681.0,2,680.0,17,681.0,21,1,2357,2025-06-12
2025-06-12 12:10:15.783119,681.0,1,680.0,22,681.0,23,1,2357,2025-06-12
2025-06-12 12:10:17.706774,680.0,1,680.0,21,681.0,23,2,2357,2025-06-12
2025-06-12 12:10:18.223682,681.0,1,680.0,20,681.0,22,1,2357,2025-06-12
2025-06-12 12:10:19.303148,681.0,3,680.0,20,681.0,19,1,2357,2025-06-12
2025-06-12 12:10:34.328699,681.0,2,680.0,20,681.0,18,1,2357,2025-06-12
2025-06-12 12:11:14.731132,681.0,1,680.0,21,681.0,17,1,2357,2025-06-12
2025-06-12 12:11:49.344836,681.0,2,680.0,21,681.0,22,1,2357,2025-06-12
2025-06-12 12:12:09.183374,681.0,1,680.0,22,681.0,22,1,2357,2025-06-12
2025-06-12 12:12:12.957401,681.0,1,680.0,22,681.0,21,1,2357,2025-06-12
2025-06-12 12:12:51.271301,680.0,1,680.0,26,681.0,30,2,2357,2025-06-12
2025-06-12 12:13:05.360284,681.0,2,680.0,27,681.0,27,1,2357,2025-06-12
2025-06-12 12:13:07.318150,680.0,1,680.0,26,681.0,27,2,2357,2025-06-12
2025-06-12 12:13:20.782203,681.0,1,680.0,26,681.0,25,1,2357,2025-06-12
2025-06-12 12:13:21.521484,680.0,4,680.0,22,681.0,25,2,2357,2025-06-12
2025-06-12 12:13:29.463571,681.0,1,680.0,23,681.0,24,1,2357,2025-06-12
2025-06-12 12:13:49.170429,680.0,1,680.0,22,681.0,24,2,2357,2025-06-12
2025-06-12 12:13:53.045864,681.0,1,680.0,22,681.0,28,1,2357,2025-06-12
2025-06-12 12:13:53.233105,680.0,22,679.0,12,681.0,28,2,2357,2025-06-12
2025-06-12 12:14:13.779820,679.0,1,679.0,7,680.0,9,2,2357,2025-06-12
2025-06-12 12:14:16.328501,680.0,3,679.0,7,680.0,6,1,2357,2025-06-12
2025-06-12 12:14:20.375136,680.0,2,679.0,7,680.0,4,1,2357,2025-06-12
2025-06-12 12:15:00.950027,679.0,1,679.0,7,680.0,6,2,2357,2025-06-12
2025-06-12 12:15:36.394305,680.0,2,679.0,8,680.0,6,1,2357,2025-06-12
2025-06-12 12:15:45.181570,680.0,1,679.0,7,680.0,6,1,2357,2025-06-12
2025-06-12 12:16:24.784882,680.0,1,679.0,7,680.0,8,1,2357,2025-06-12
2025-06-12 12:16:43.888279,680.0,1,679.0,8,680.0,13,1,2357,2025-06-12
2025-06-12 12:16:51.409049,680.0,2,679.0,7,680.0,11,1,2357,2025-06-12
2025-06-12 12:17:20.376549,680.0,2,679.0,8,680.0,9,1,2357,2025-06-12
2025-06-12 12:17:39.144965,680.0,1,679.0,7,680.0,8,1,2357,2025-06-12
2025-06-12 12:17:55.491308,680.0,1,679.0,7,680.0,7,1,2357,2025-06-12
2025-06-12 12:18:07.425311,680.0,2,679.0,12,680.0,5,1,2357,2025-06-12
2025-06-12 12:18:13.353934,680.0,3,679.0,18,680.0,2,1,2357,2025-06-12
2025-06-12 12:18:13.387690,680.0,2,679.0,20,681.0,16,1,2357,2025-06-12
2025-06-12 12:19:23.439097,681.0,2,679.0,23,681.0,15,1,2357,2025-06-12
2025-06-12 12:19:24.129257,681.0,1,679.0,22,681.0,12,1,2357,2025-06-12
2025-06-12 12:19:28.785657,681.0,1,679.0,22,681.0,11,1,2357,2025-06-12
2025-06-12 12:20:38.453733,681.0,2,680.0,13,681.0,13,1,2357,2025-06-12
2025-06-12 12:21:15.175947,681.0,1,680.0,8,681.0,12,1,2357,2025-06-12
2025-06-12 12:21:36.322273,680.0,1,680.0,7,681.0,12,2,2357,2025-06-12
2025-06-12 12:21:54.468349,681.0,2,680.0,12,681.0,10,1,2357,2025-06-12
2025-06-12 12:22:09.377326,681.0,3,680.0,9,681.0,7,1,2357,2025-06-12
2025-06-12 12:22:09.790849,681.0,3,680.0,9,681.0,4,1,2357,2025-06-12
2025-06-12 12:22:10.975637,681.0,2,680.0,9,681.0,2,1,2357,2025-06-12
2025-06-12 12:22:18.853956,681.0,1,680.0,12,681.0,1,1,2357,2025-06-12
2025-06-12 12:22:21.536717,681.0,1,680.0,12,682.0,76,1,2357,2025-06-12
2025-06-12 12:22:21.610554,682.0,1,680.0,12,682.0,75,1,2357,2025-06-12
2025-06-12 12:22:30.579558,680.0,1,680.0,10,682.0,79,2,2357,2025-06-12
2025-06-12 12:22:33.780223,682.0,1,680.0,10,682.0,78,1,2357,2025-06-12
2025-06-12 12:22:54.534486,680.0,1,680.0,9,682.0,81,2,2357,2025-06-12
2025-06-12 12:23:09.197774,682.0,1,680.0,10,682.0,79,1,2357,2025-06-12
2025-06-12 12:23:09.482667,682.0,2,680.0,11,682.0,77,1,2357,2025-06-12
2025-06-12 12:23:27.561192,682.0,1,680.0,16,682.0,76,1,2357,2025-06-12
2025-06-12 12:23:31.968529,680.0,1,680.0,15,682.0,76,2,2357,2025-06-12
2025-06-12 12:23:37.520465,682.0,1,680.0,11,682.0,76,1,2357,2025-06-12
2025-06-12 12:23:37.585549,680.0,1,680.0,14,682.0,76,2,2357,2025-06-12
2025-06-12 12:24:25.496753,681.0,2,680.0,11,681.0,2,1,2357,2025-06-12
2025-06-12 12:24:32.572115,680.0,1,680.0,10,681.0,2,2,2357,2025-06-12
2025-06-12 12:24:58.118680,681.0,1,680.0,10,681.0,2,1,2357,2025-06-12
2025-06-12 12:25:37.777181,681.0,1,680.0,10,681.0,13,1,2357,2025-06-12
2025-06-12 12:25:40.510334,681.0,2,680.0,10,681.0,11,1,2357,2025-06-12
2025-06-12 12:25:46.183275,681.0,1,680.0,10,681.0,10,1,2357,2025-06-12
2025-06-12 12:25:46.458732,681.0,1,680.0,10,681.0,9,1,2357,2025-06-12
2025-06-12 12:25:55.775606,681.0,1,680.0,10,681.0,15,1,2357,2025-06-12
2025-06-12 12:26:06.403100,681.0,3,680.0,10,681.0,13,1,2357,2025-06-12
2025-06-12 12:26:20.777454,681.0,1,680.0,10,681.0,12,1,2357,2025-06-12
2025-06-12 12:26:47.582305,681.0,1,680.0,10,681.0,11,1,2357,2025-06-12
2025-06-12 12:26:56.523991,681.0,2,680.0,10,681.0,9,1,2357,2025-06-12
2025-06-12 12:26:59.032271,681.0,1,680.0,10,681.0,8,1,2357,2025-06-12
2025-06-12 12:28:11.538204,681.0,2,680.0,15,681.0,8,1,2357,2025-06-12
2025-06-12 12:28:36.128090,681.0,1,680.0,16,681.0,8,1,2357,2025-06-12
2025-06-12 12:28:42.451199,680.0,7,680.0,9,681.0,14,2,2357,2025-06-12
2025-06-12 12:28:42.901951,680.0,4,680.0,5,681.0,15,2,2357,2025-06-12
2025-06-12 12:28:43.028296,680.0,5,679.0,16,681.0,16,2,2357,2025-06-12
2025-06-12 12:29:27.552962,680.0,2,679.0,11,680.0,4,1,2357,2025-06-12
2025-06-12 12:29:53.347665,680.0,1,679.0,11,680.0,3,1,2357,2025-06-12
2025-06-12 12:30:01.380879,679.0,1,679.0,11,680.0,3,2,2357,2025-06-12
2025-06-12 12:30:03.430704,680.0,3,679.0,10,681.0,20,1,2357,2025-06-12
2025-06-12 12:30:27.125208,681.0,1,679.0,14,681.0,17,1,2357,2025-06-12
2025-06-12 12:30:42.571328,681.0,2,679.0,13,681.0,25,1,2357,2025-06-12
2025-06-12 12:31:00.310965,679.0,1,679.0,13,681.0,24,2,2357,2025-06-12
2025-06-12 12:31:02.748614,681.0,1,679.0,13,681.0,23,1,2357,2025-06-12
2025-06-12 12:31:13.597641,681.0,1,679.0,14,681.0,21,1,2357,2025-06-12
2025-06-12 12:31:41.151685,681.0,1,679.0,13,681.0,25,1,2357,2025-06-12
2025-06-12 12:31:46.776401,681.0,1,679.0,13,681.0,26,1,2357,2025-06-12
2025-06-12 12:31:58.579262,681.0,2,679.0,13,681.0,24,1,2357,2025-06-12
2025-06-12 12:32:18.219031,681.0,1,679.0,12,681.0,24,1,2357,2025-06-12
2025-06-12 12:33:11.038619,680.0,1,679.0,12,681.0,27,2,2357,2025-06-12
2025-06-12 12:33:13.592763,680.0,2,679.0,10,680.0,1,1,2357,2025-06-12
2025-06-12 12:33:22.846940,680.0,1,679.0,10,680.0,3,1,2357,2025-06-12
2025-06-12 12:33:32.309775,680.0,2,679.0,11,680.0,1,1,2357,2025-06-12
2025-06-12 12:33:59.455095,680.0,1,679.0,13,681.0,20,1,2357,2025-06-12
2025-06-12 12:33:59.455095,681.0,2,679.0,13,681.0,20,1,2357,2025-06-12
2025-06-12 12:34:09.161600,681.0,1,679.0,12,681.0,20,1,2357,2025-06-12
2025-06-12 12:34:29.605827,681.0,2,679.0,12,681.0,21,1,2357,2025-06-12
2025-06-12 12:34:48.505639,681.0,1,679.0,13,681.0,22,1,2357,2025-06-12
2025-06-12 12:34:50.775480,681.0,1,679.0,13,681.0,21,1,2357,2025-06-12
2025-06-12 12:34:58.012617,681.0,1,679.0,14,681.0,20,1,2357,2025-06-12
2025-06-12 12:35:11.663435,681.0,1,679.0,13,681.0,20,1,2357,2025-06-12
2025-06-12 12:35:31.430214,679.0,1,679.0,12,681.0,20,2,2357,2025-06-12
2025-06-12 12:35:39.635004,681.0,1,679.0,12,681.0,20,1,2357,2025-06-12
2025-06-12 12:35:45.618759,681.0,2,679.0,12,681.0,15,1,2357,2025-06-12
2025-06-12 12:36:00.123015,681.0,1,679.0,16,681.0,13,1,2357,2025-06-12
2025-06-12 12:37:00.632007,681.0,2,679.0,21,681.0,13,1,2357,2025-06-12
2025-06-12 12:37:48.220846,681.0,1,680.0,7,681.0,20,1,2357,2025-06-12
2025-06-12 12:37:54.776365,681.0,1,680.0,7,681.0,19,1,2357,2025-06-12
2025-06-12 12:37:56.477722,681.0,3,680.0,7,681.0,16,1,2357,2025-06-12
2025-06-12 12:38:16.645037,681.0,2,680.0,10,681.0,16,1,2357,2025-06-12
2025-06-12 12:39:25.704347,681.0,1,680.0,11,681.0,15,1,2357,2025-06-12
2025-06-12 12:39:31.657536,681.0,2,680.0,12,681.0,13,1,2357,2025-06-12
2025-06-12 12:39:35.778086,681.0,1,680.0,13,681.0,13,1,2357,2025-06-12
2025-06-12 12:39:39.219991,681.0,1,680.0,12,681.0,12,1,2357,2025-06-12
2025-06-12 12:39:43.822519,681.0,1,680.0,11,681.0,11,1,2357,2025-06-12
2025-06-12 12:40:05.668080,681.0,1,680.0,11,681.0,10,1,2357,2025-06-12
2025-06-12 12:40:42.765341,680.0,1,680.0,11,681.0,10,2,2357,2025-06-12
2025-06-12 12:40:47.669384,681.0,2,680.0,11,681.0,8,1,2357,2025-06-12
2025-06-12 12:40:59.779184,681.0,1,680.0,11,681.0,7,1,2357,2025-06-12
2025-06-12 12:41:00.023318,681.0,1,680.0,11,681.0,6,1,2357,2025-06-12
2025-06-12 12:41:10.558558,681.0,1,680.0,12,681.0,5,1,2357,2025-06-12
2025-06-12 12:41:27.182306,681.0,1,680.0,11,681.0,5,1,2357,2025-06-12
2025-06-12 12:41:52.501063,681.0,3,680.0,11,681.0,2,1,2357,2025-06-12
2025-06-12 12:42:02.681507,681.0,2,680.0,11,682.0,71,1,2357,2025-06-12
2025-06-12 12:42:22.817425,681.0,1,680.0,16,682.0,75,2,2357,2025-06-12
2025-06-12 12:43:15.168314,681.0,1,680.0,12,681.0,2,1,2357,2025-06-12
2025-06-12 12:43:18.694287,681.0,2,680.0,12,682.0,73,1,2357,2025-06-12
2025-06-12 12:43:25.589984,682.0,1,680.0,15,682.0,74,1,2357,2025-06-12
2025-06-12 12:43:28.008897,681.0,1,680.0,16,682.0,74,2,2357,2025-06-12
2025-06-12 12:43:31.045380,682.0,1,680.0,13,682.0,73,1,2357,2025-06-12
2025-06-12 12:43:50.807606,682.0,1,680.0,15,682.0,72,1,2357,2025-06-12
2025-06-12 12:44:03.781257,682.0,1,680.0,20,682.0,72,1,2357,2025-06-12
2025-06-12 12:44:31.710079,681.0,1,680.0,16,681.0,7,1,2357,2025-06-12
2025-06-12 12:44:33.705229,681.0,2,680.0,16,681.0,5,1,2357,2025-06-12
2025-06-12 12:44:34.666262,680.0,1,680.0,15,681.0,5,2,2357,2025-06-12
2025-06-12 12:44:44.230286,681.0,1,680.0,15,681.0,3,1,2357,2025-06-12
2025-06-12 12:45:03.138900,681.0,1,680.0,14,681.0,2,1,2357,2025-06-12
2025-06-12 12:45:20.587992,681.0,2,680.0,18,682.0,70,1,2357,2025-06-12
2025-06-12 12:45:49.523012,681.0,3,680.0,21,681.0,1,1,2357,2025-06-12
2025-06-12 12:45:49.552878,681.0,1,680.0,21,682.0,71,1,2357,2025-06-12
2025-06-12 12:45:49.716028,682.0,2,680.0,22,682.0,69,1,2357,2025-06-12
2025-06-12 12:45:59.824578,682.0,1,680.0,22,682.0,69,1,2357,2025-06-12
2025-06-12 12:46:13.262857,682.0,1,680.0,24,682.0,68,1,2357,2025-06-12
2025-06-12 12:46:46.039963,682.0,1,680.0,23,682.0,69,1,2357,2025-06-12
2025-06-12 12:46:54.149037,682.0,1,680.0,22,682.0,68,1,2357,2025-06-12
2025-06-12 12:47:04.727075,682.0,2,680.0,22,682.0,67,1,2357,2025-06-12
2025-06-12 12:47:07.782896,682.0,1,680.0,22,682.0,66,1,2357,2025-06-12
2025-06-12 12:47:12.149295,681.0,1,680.0,21,682.0,66,2,2357,2025-06-12
2025-06-12 12:48:09.370440,680.0,1,680.0,27,682.0,66,2,2357,2025-06-12
2025-06-12 12:48:09.854747,682.0,1,680.0,27,682.0,66,1,2357,2025-06-12
2025-06-12 12:48:20.737350,682.0,2,680.0,28,682.0,67,1,2357,2025-06-12
2025-06-12 12:48:45.134277,682.0,1,680.0,27,682.0,66,1,2357,2025-06-12
2025-06-12 12:48:55.093470,681.0,1,680.0,27,682.0,66,2,2357,2025-06-12
2025-06-12 12:48:55.167745,681.0,5,680.0,21,682.0,66,2,2357,2025-06-12
2025-06-12 12:48:55.197923,681.0,1,681.0,1,682.0,66,2,2357,2025-06-12
2025-06-12 12:48:55.200402,681.0,1,681.0,2,682.0,66,2,2357,2025-06-12
2025-06-12 12:48:56.252188,682.0,1,681.0,4,682.0,65,1,2357,2025-06-12
2025-06-12 12:48:57.756550,682.0,1,681.0,5,682.0,64,1,2357,2025-06-12
2025-06-12 12:49:04.615435,681.0,5,681.0,1,682.0,65,2,2357,2025-06-12
2025-06-12 12:49:04.643473,681.0,1,680.0,13,682.0,65,2,2357,2025-06-12
2025-06-12 12:49:07.056334,680.0,6,680.0,5,682.0,66,2,2357,2025-06-12
2025-06-12 12:49:18.652670,680.0,1,680.0,5,681.0,4,2,2357,2025-06-12
2025-06-12 12:49:35.748272,681.0,2,680.0,9,681.0,6,1,2357,2025-06-12
2025-06-12 12:49:42.707662,680.0,1,680.0,10,681.0,7,2,2357,2025-06-12
2025-06-12 12:49:46.542663,681.0,3,680.0,10,681.0,3,1,2357,2025-06-12
2025-06-12 12:50:12.785666,681.0,1,680.0,10,681.0,4,1,2357,2025-06-12
2025-06-12 12:50:33.201288,681.0,1,680.0,10,681.0,9,1,2357,2025-06-12
2025-06-12 12:50:51.758542,681.0,2,680.0,12,681.0,9,1,2357,2025-06-12
2025-06-12 12:51:01.151453,681.0,1,680.0,12,681.0,8,1,2357,2025-06-12
2025-06-12 12:52:07.768312,681.0,2,680.0,18,681.0,7,1,2357,2025-06-12
2025-06-12 12:52:24.134378,681.0,1,680.0,17,681.0,8,1,2357,2025-06-12
2025-06-12 12:52:53.104191,681.0,1,680.0,16,681.0,13,1,2357,2025-06-12
2025-06-12 12:53:07.205330,681.0,1,680.0,16,681.0,13,1,2357,2025-06-12
2025-06-12 12:53:16.784714,681.0,1,680.0,16,681.0,12,1,2357,2025-06-12
2025-06-12 12:53:22.777892,681.0,2,680.0,16,681.0,10,1,2357,2025-06-12
2025-06-12 12:53:23.787975,681.0,1,680.0,17,681.0,9,1,2357,2025-06-12
2025-06-12 12:53:42.565131,681.0,3,680.0,20,681.0,7,1,2357,2025-06-12
2025-06-12 12:54:38.787746,681.0,2,680.0,22,681.0,5,1,2357,2025-06-12
2025-06-12 12:55:16.433528,681.0,1,680.0,23,681.0,4,1,2357,2025-06-12
2025-06-12 12:55:18.233891,681.0,1,680.0,23,681.0,3,1,2357,2025-06-12
2025-06-12 12:55:18.904015,680.0,1,680.0,22,681.0,3,2,2357,2025-06-12
2025-06-12 12:55:21.609391,681.0,1,680.0,22,681.0,2,1,2357,2025-06-12
2025-06-12 12:55:30.208810,681.0,1,680.0,20,681.0,1,1,2357,2025-06-12
2025-06-12 12:55:30.609654,681.0,1,680.0,21,682.0,57,2,2357,2025-06-12
2025-06-12 12:55:53.797231,682.0,2,680.0,17,682.0,63,1,2357,2025-06-12
2025-06-12 12:56:18.927006,680.0,1,680.0,17,682.0,63,2,2357,2025-06-12
2025-06-12 12:56:20.780757,682.0,1,680.0,17,682.0,62,1,2357,2025-06-12
2025-06-12 12:57:08.100200,682.0,1,680.0,18,682.0,70,1,2357,2025-06-12
2025-06-12 12:57:09.807152,682.0,2,680.0,18,682.0,68,1,2357,2025-06-12
2025-06-12 12:57:19.303875,680.0,1,680.0,17,682.0,69,2,2357,2025-06-12
2025-06-12 12:57:39.580920,682.0,3,680.0,15,682.0,66,1,2357,2025-06-12
2025-06-12 12:57:49.824770,682.0,1,680.0,19,682.0,65,1,2357,2025-06-12
2025-06-12 12:58:05.761611,681.0,1,680.0,21,682.0,66,2,2357,2025-06-12
2025-06-12 12:58:07.867021,680.0,1,680.0,18,681.0,6,2,2357,2025-06-12
2025-06-12 12:58:18.753735,680.0,1,680.0,18,681.0,7,2,2357,2025-06-12
2025-06-12 12:58:24.816091,681.0,2,680.0,18,681.0,5,1,2357,2025-06-12
2025-06-12 12:59:18.758517,680.0,1,680.0,17,681.0,7,2,2357,2025-06-12
2025-06-12 12:59:40.825108,681.0,2,680.0,18,681.0,5,1,2357,2025-06-12
2025-06-12 12:59:44.749333,681.0,1,680.0,19,681.0,5,1,2357,2025-06-12
2025-06-12 13:00:02.601350,681.0,1,680.0,45,681.0,6,1,2357,2025-06-12
2025-06-12 13:00:19.633571,680.0,1,680.0,46,681.0,8,2,2357,2025-06-12
2025-06-12 13:00:32.499200,680.0,1,680.0,46,681.0,8,2,2357,2025-06-12
2025-06-12 13:00:45.276636,680.0,1,680.0,46,681.0,7,2,2357,2025-06-12
2025-06-12 13:00:55.096691,680.0,1,680.0,46,681.0,6,2,2357,2025-06-12
2025-06-12 13:00:55.834285,681.0,2,680.0,46,681.0,4,1,2357,2025-06-12
2025-06-12 13:00:55.860316,681.0,2,680.0,46,681.0,2,1,2357,2025-06-12
2025-06-12 13:00:55.923566,681.0,1,680.0,43,681.0,2,1,2357,2025-06-12
2025-06-12 13:01:10.158087,681.0,1,681.0,4,682.0,56,1,2357,2025-06-12
2025-06-12 13:01:10.183059,681.0,4,681.0,5,682.0,56,2,2357,2025-06-12
2025-06-12 13:01:10.183068,681.0,1,681.0,4,682.0,56,2,2357,2025-06-12
2025-06-12 13:01:10.267091,682.0,1,681.0,10,682.0,55,1,2357,2025-06-12
2025-06-12 13:01:10.295078,681.0,4,681.0,11,682.0,55,2,2357,2025-06-12
2025-06-12 13:01:20.095086,681.0,1,681.0,16,682.0,59,2,2357,2025-06-12
2025-06-12 13:01:36.598625,682.0,3,681.0,19,682.0,57,1,2357,2025-06-12
2025-06-12 13:02:11.843091,682.0,2,681.0,25,682.0,55,1,2357,2025-06-12
2025-06-12 13:02:12.496231,681.0,1,681.0,24,682.0,55,2,2357,2025-06-12
2025-06-12 13:02:12.572998,682.0,1,681.0,24,682.0,54,1,2357,2025-06-12
2025-06-12 13:02:13.904431,681.0,24,680.0,17,682.0,54,2,2357,2025-06-12
2025-06-12 13:02:14.008594,681.0,1,680.0,12,682.0,54,2,2357,2025-06-12
2025-06-12 13:02:26.908506,680.0,1,680.0,7,681.0,13,2,2357,2025-06-12
2025-06-12 13:02:29.777187,681.0,1,680.0,7,681.0,12,1,2357,2025-06-12
2025-06-12 13:03:26.498631,680.0,1,680.0,15,681.0,9,2,2357,2025-06-12
2025-06-12 13:03:26.851363,681.0,2,680.0,15,681.0,7,1,2357,2025-06-12
2025-06-12 13:04:15.874777,681.0,2,680.0,19,681.0,8,1,2357,2025-06-12
2025-06-12 13:04:26.090871,680.0,1,680.0,18,681.0,10,2,2357,2025-06-12
2025-06-12 13:04:42.860091,681.0,2,680.0,18,681.0,13,1,2357,2025-06-12
2025-06-12 13:04:52.554238,680.0,1,680.0,18,681.0,14,2,2357,2025-06-12
2025-06-12 13:05:14.184151,680.0,1,680.0,17,681.0,14,2,2357,2025-06-12
2025-06-12 13:05:19.997379,680.0,1,680.0,16,681.0,14,2,2357,2025-06-12
2025-06-12 13:05:27.339572,680.0,1,680.0,17,681.0,15,2,2357,2025-06-12
2025-06-12 13:05:32.618849,681.0,3,680.0,17,681.0,12,1,2357,2025-06-12
2025-06-12 13:05:33.775927,681.0,1,680.0,17,681.0,11,1,2357,2025-06-12
2025-06-12 13:05:57.868272,681.0,2,680.0,17,681.0,9,1,2357,2025-06-12
2025-06-12 13:06:25.966526,680.0,1,680.0,20,681.0,7,2,2357,2025-06-12
2025-06-12 13:07:02.476847,681.0,3,680.0,20,681.0,6,1,2357,2025-06-12
2025-06-12 13:07:13.876840,681.0,2,680.0,23,681.0,3,1,2357,2025-06-12
2025-06-12 13:07:19.186832,680.0,1,680.0,23,681.0,4,2,2357,2025-06-12
2025-06-12 13:07:50.446327,680.0,1,680.0,25,681.0,4,2,2357,2025-06-12
2025-06-12 13:08:12.494637,680.0,1,680.0,24,681.0,6,2,2357,2025-06-12
2025-06-12 13:08:19.148490,680.0,1,680.0,23,681.0,6,2,2357,2025-06-12
2025-06-12 13:08:27.094093,681.0,1,680.0,24,681.0,5,1,2357,2025-06-12
2025-06-12 13:08:29.885151,681.0,2,680.0,24,681.0,3,1,2357,2025-06-12
2025-06-12 13:08:38.776069,681.0,1,680.0,24,682.0,49,1,2357,2025-06-12
2025-06-12 13:09:05.744670,682.0,1,680.0,25,682.0,56,1,2357,2025-06-12
2025-06-12 13:09:20.022570,680.0,1,680.0,24,681.0,7,2,2357,2025-06-12
2025-06-12 13:09:29.633524,681.0,3,680.0,25,681.0,4,1,2357,2025-06-12
2025-06-12 13:09:44.892684,681.0,2,680.0,25,681.0,4,1,2357,2025-06-12
2025-06-12 13:10:18.646418,680.0,1,680.0,26,681.0,5,2,2357,2025-06-12
2025-06-12 13:10:31.595529,681.0,2,680.0,25,681.0,4,1,2357,2025-06-12
2025-06-12 13:10:31.633054,681.0,1,680.0,25,681.0,3,1,2357,2025-06-12
2025-06-12 13:11:00.904490,681.0,2,680.0,25,681.0,2,1,2357,2025-06-12
2025-06-12 13:11:18.855191,680.0,1,680.0,26,681.0,2,2,2357,2025-06-12
2025-06-12 13:11:21.014519,681.0,1,680.0,26,681.0,1,1,2357,2025-06-12
2025-06-12 13:11:32.053628,681.0,1,680.0,26,682.0,45,1,2357,2025-06-12
2025-06-12 13:11:37.482501,681.0,2,680.0,29,682.0,48,2,2357,2025-06-12
2025-06-12 13:11:42.775243,682.0,1,680.0,25,682.0,49,1,2357,2025-06-12
2025-06-12 13:12:04.332957,682.0,1,680.0,24,682.0,49,1,2357,2025-06-12
2025-06-12 13:12:15.911992,681.0,2,680.0,25,681.0,1,1,2357,2025-06-12
2025-06-12 13:12:20.412437,680.0,1,680.0,24,681.0,2,2,2357,2025-06-12
2025-06-12 13:12:40.453107,681.0,1,680.0,24,681.0,2,1,2357,2025-06-12
2025-06-12 13:12:46.734848,681.0,1,680.0,24,681.0,2,1,2357,2025-06-12
2025-06-12 13:13:03.552140,681.0,1,680.0,27,681.0,1,1,2357,2025-06-12
2025-06-12 13:13:19.069230,680.0,1,680.0,26,681.0,2,2,2357,2025-06-12
2025-06-12 13:13:22.241120,680.0,1,680.0,25,681.0,2,2,2357,2025-06-12
2025-06-12 13:13:22.632635,680.0,13,680.0,12,681.0,3,2,2357,2025-06-12
2025-06-12 13:13:22.687465,680.0,1,680.0,11,681.0,3,2,2357,2025-06-12
2025-06-12 13:13:23.363532,680.0,2,680.0,7,681.0,7,2,2357,2025-06-12
2025-06-12 13:13:25.650432,681.0,3,680.0,7,681.0,8,1,2357,2025-06-12
2025-06-12 13:13:31.919752,681.0,2,680.0,5,681.0,7,1,2357,2025-06-12
2025-06-12 13:14:19.450163,680.0,1,680.0,4,681.0,8,2,2357,2025-06-12
2025-06-12 13:14:22.063188,680.0,1,680.0,3,681.0,8,2,2357,2025-06-12
2025-06-12 13:14:41.838402,680.0,1,680.0,2,681.0,9,2,2357,2025-06-12
2025-06-12 13:14:46.777389,681.0,1,680.0,2,681.0,9,1,2357,2025-06-12
2025-06-12 13:14:46.926816,681.0,2,680.0,2,681.0,6,1,2357,2025-06-12
2025-06-12 13:15:00.844261,680.0,1,680.0,2,681.0,6,2,2357,2025-06-12
2025-06-12 13:15:11.463026,680.0,1,680.0,2,681.0,6,2,2357,2025-06-12
2025-06-12 13:15:14.471040,680.0,2,680.0,2,681.0,6,2,2357,2025-06-12
2025-06-12 13:15:14.609657,680.0,1,680.0,1,681.0,6,2,2357,2025-06-12
2025-06-12 13:15:19.118627,680.0,1,680.0,1,681.0,8,2,2357,2025-06-12
2025-06-12 13:15:20.371089,680.0,1,680.0,2,681.0,9,2,2357,2025-06-12
2025-06-12 13:15:30.489893,680.0,3,679.0,13,681.0,10,2,2357,2025-06-12
2025-06-12 13:15:50.744385,680.0,2,679.0,13,681.0,11,2,2357,2025-06-12
2025-06-12 13:16:02.936037,680.0,2,679.0,13,680.0,3,1,2357,2025-06-12
2025-06-12 13:16:18.926127,679.0,1,679.0,13,680.0,3,2,2357,2025-06-12
2025-06-12 13:17:12.322324,679.0,1,679.0,13,680.0,6,2,2357,2025-06-12
2025-06-12 13:17:13.442411,679.0,1,679.0,12,680.0,6,2,2357,2025-06-12
2025-06-12 13:17:16.230644,679.0,1,679.0,11,680.0,5,2,2357,2025-06-12
2025-06-12 13:17:17.941086,680.0,2,679.0,11,680.0,3,1,2357,2025-06-12
2025-06-12 13:17:18.947709,679.0,1,679.0,12,680.0,3,2,2357,2025-06-12
2025-06-12 13:17:22.666638,680.0,3,679.0,11,680.0,1,1,2357,2025-06-12
2025-06-12 13:17:22.720103,680.0,1,679.0,11,680.0,1,1,2357,2025-06-12
2025-06-12 13:18:16.535012,680.0,1,679.0,10,680.0,1,1,2357,2025-06-12
2025-06-12 13:18:18.555232,679.0,1,679.0,9,680.0,1,2,2357,2025-06-12
2025-06-12 13:18:33.948535,680.0,2,679.0,9,680.0,1,1,2357,2025-06-12
2025-06-12 13:19:18.572818,679.0,1,679.0,10,680.0,6,2,2357,2025-06-12
2025-06-12 13:19:48.955144,680.0,2,679.0,8,680.0,6,1,2357,2025-06-12
2025-06-12 13:20:00.676375,680.0,2,679.0,8,680.0,4,1,2357,2025-06-12
2025-06-12 13:20:19.807340,679.0,1,679.0,13,680.0,5,2,2357,2025-06-12
2025-06-12 13:20:58.320207,679.0,1,679.0,16,680.0,7,2,2357,2025-06-12
2025-06-12 13:21:04.962392,680.0,2,679.0,16,680.0,5,1,2357,2025-06-12
2025-06-12 13:21:13.780470,680.0,1,679.0,16,680.0,4,1,2357,2025-06-12
2025-06-12 13:21:19.483669,679.0,1,679.0,14,680.0,4,2,2357,2025-06-12
2025-06-12 13:21:29.712689,680.0,1,679.0,13,680.0,3,1,2357,2025-06-12
2025-06-12 13:22:12.199873,679.0,1,679.0,12,680.0,6,2,2357,2025-06-12
2025-06-12 13:22:17.920832,680.0,1,679.0,12,680.0,5,1,2357,2025-06-12
2025-06-12 13:22:19.701623,679.0,1,679.0,12,680.0,6,2,2357,2025-06-12
2025-06-12 13:22:20.968988,680.0,2,679.0,12,680.0,6,1,2357,2025-06-12
2025-06-12 13:22:28.245378,680.0,1,679.0,11,680.0,5,1,2357,2025-06-12
2025-06-12 13:22:58.331654,679.0,2,679.0,10,680.0,5,2,2357,2025-06-12
2025-06-12 13:23:12.768125,679.0,1,679.0,9,680.0,3,2,2357,2025-06-12
2025-06-12 13:23:20.098769,679.0,1,679.0,8,680.0,2,2,2357,2025-06-12
2025-06-12 13:23:20.450093,679.0,1,679.0,7,680.0,2,2,2357,2025-06-12
2025-06-12 13:23:29.701761,679.0,1,679.0,5,680.0,2,2,2357,2025-06-12
2025-06-12 13:23:35.975426,680.0,2,679.0,8,681.0,8,1,2357,2025-06-12
2025-06-12 13:23:40.419945,679.0,1,679.0,7,681.0,9,2,2357,2025-06-12
2025-06-12 13:23:55.604948,680.0,1,679.0,10,681.0,12,2,2357,2025-06-12
2025-06-12 13:23:55.705021,680.0,1,679.0,9,680.0,3,1,2357,2025-06-12
2025-06-12 13:24:00.002918,680.0,1,679.0,7,680.0,2,1,2357,2025-06-12
2025-06-12 13:24:00.785331,680.0,1,679.0,7,681.0,11,1,2357,2025-06-12
2025-06-12 13:24:01.078824,681.0,1,679.0,7,681.0,10,1,2357,2025-06-12
2025-06-12 13:24:03.187907,681.0,1,679.0,6,681.0,10,1,2357,2025-06-12
2025-06-12 13:24:15.407344,680.0,1,679.0,7,680.0,1,1,2357,2025-06-12
2025-06-12 13:24:16.603301,680.0,1,680.0,1,681.0,10,1,2357,2025-06-12
2025-06-12 13:24:19.183603,680.0,1,680.0,1,681.0,10,2,2357,2025-06-12
2025-06-12 13:24:21.853235,679.0,1,679.0,3,681.0,11,2,2357,2025-06-12
2025-06-12 13:24:32.348387,679.0,1,679.0,1,681.0,11,2,2357,2025-06-12
2025-06-12 13:24:34.395042,678.0,1,678.0,28,681.0,11,2,2357,2025-06-12
2025-06-12 13:24:47.787244,681.0,1,679.0,3,681.0,10,1,2357,2025-06-12
2025-06-12 13:24:48.063528,681.0,1,679.0,2,681.0,9,1,2357,2025-06-12
2025-06-12 13:24:48.662818,679.0,1,679.0,3,681.0,8,2,2357,2025-06-12
2025-06-12 13:24:51.980906,681.0,2,679.0,2,681.0,6,1,2357,2025-06-12
2025-06-12 13:30:00.000000,682.0,230,681.0,1,682.0,51,1,2357,2025-06-12
2025-06-12 14:30:00.000000,682.0,2,681.0,1,682.0,51,1,2357,2025-06-12
